name,team,archetype,epmOff,epmDef,mpg,games,speed,power,defBoost,salary
"Victor Wembanyama",SAS,"Elite defender, elite offense",4.30,4.45,29.1,64,11,19,5,1410
"Ausar Thompson",DET,"Elite defender",-0.84,4.17,25.9,73,13,12,4,840
"Chet Holmgren",OKC,"Elite defender",2.20,3.76,28.9,69,11,17,3,940
"Zach Edey",MEM,"Elite defender",0.53,3.35,25.7,11,6,14,0,680
"Clint Capela",HOU,"Elite defender",-1.76,3.34,12.3,75,8,13,3,750
"Isaiah Hartenstein",OKC,"Elite defender",0.72,3.22,24.2,47,9,16,3,860
"Alex Caruso",OKC,"Elite defender",-2.03,3.07,18.2,56,12,10,3,800
"Cason Wallace",OKC,"Elite defender",-1.29,3.06,26.6,77,14,9,3,560
"Rudy Gobert",MIN,"Elite defender",-0.90,2.87,31.3,76,8,14,3,550
"Dyson Daniels",ATL,"Elite defender",0.18,2.68,33.1,76,14,10,3,590
"Derrick White",BOS,"Elite defender",1.81,2.58,34.1,77,16,10,2,730
"Paul Reed",DET,"Elite defender",1.20,2.41,13.9,65,10,14,2,1340
"Neemias Queta",BOS,"Elite defender",1.16,2.29,25.3,76,9,16,2,800
"Ajay Mitchell",OKC,"Elite defender",0.13,2.15,25.8,57,14,10,2,870
"Jalen Suggs",ORL,"Elite defender",0.44,2.13,27.6,57,14,9,2,720
"Jaylin Williams",OKC,"Elite defender",-0.98,2.12,19.6,65,8,12,2,520
"Dru Smith",MIA,"Elite defender",-2.18,2.07,16.3,70,11,7,2,540
"Mitchell Robinson",BOS,"Elite defender",-0.59,2.04,19.6,60,8,12,2,720
"Shai Gilgeous-Alexander",OKC,"Elite defender, elite offense",7.33,2.01,33.2,68,18,12,2,1420
"Brook Lopez",LAC,"Elite defender",-1.18,2.01,21.8,75,7,13,2,630
"Marcus Smart",HOU,"Great defender",-0.95,2.00,28.5,62,13,8,2,590
"Javonte Green",DET,"Great defender",-0.81,1.96,17.6,82,12,8,2,520
"Scottie Barnes",TOR,"Great defender",0.84,1.88,33.5,80,10,14,2,900
"Bam Adebayo",MIA,"Great defender",1.68,1.85,32.4,73,10,16,2,1010
"Moses Moody",GSW,"Great defender",0.49,1.73,25.7,60,12,11,2,900
"Oso Ighodaro",PHX,"Great defender",-1.47,1.69,22.0,82,7,11,1,590
"Jordan Goodwin",PHX,"Great defender",-0.27,1.69,22.4,70,13,8,2,560
"Stephon Castle",SAS,"Great defender",1.18,1.63,30.0,68,14,10,1,860
"Anthony Davis",WAS,"Great defender",0.27,1.62,31.3,20,9,16,2,1130
"Giannis Antetokounmpo",MIA,"Great defender, elite offense",5.80,1.56,28.9,36,12,18,1,1560
"Collin Murray-Boyles",TOR,"Great defender",-0.81,1.53,21.8,57,8,11,1,670
"Jaren Jackson Jr.",UTA,"Great defender",-0.31,1.52,30.3,48,8,13,2,860
"Hugo González",BOS,"Great defender",-2.23,1.45,14.6,74,9,7,1,310
"Jarrett Allen",CLE,"Great defender",1.59,1.43,27.1,56,9,15,1,770
"OG Anunoby",NYK,"Great defender",1.39,1.42,33.2,67,11,14,1,820
"Amen Thompson",HOU,"Great defender",1.29,1.42,37.4,79,14,10,1,870
"Paul George",BOS,"Great defender",1.18,1.39,30.7,37,10,12,1,930
"Jaden McDaniels",MIN,"Great defender",-0.41,1.36,31.7,73,10,10,1,720
"Josh Minott",BKN,"Great defender",0.06,1.36,17.0,49,10,11,1,800
"Day'Ron Sharpe",BKN,"Great defender",-0.08,1.35,18.7,62,8,13,1,870
"Kris Dunn",LAC,"Great defender",-1.41,1.34,27.2,82,11,7,1,350
"Jalen Williams",OKC,"Good defender",1.05,1.30,28.4,33,13,12,1,1090
"Ryan Dunn",PHX,"Good defender",-1.93,1.25,19.4,70,8,9,1,340
"Josh Okogie",UTA,"Good defender",-1.57,1.25,17.3,78,10,7,1,340
"Wendell Carter Jr.",ORL,"Good defender",-0.19,1.24,29.3,78,7,14,1,450
"Tari Eason",HOU,"Good defender",-1.10,1.23,25.8,60,9,10,1,630
"Mouhamed Gueye",ATL,"Good defender",-1.87,1.22,15.3,77,7,9,1,400
"Derrick Jones Jr.",LAC,"Good defender",-0.27,1.17,27.0,50,11,10,1,600
"Jalen Duren",DET,"Good defender",3.43,1.12,28.4,70,9,16,1,840
"Jordan Walsh",BOS,"Good defender",-0.61,1.12,17.8,68,9,10,1,370
"Dylan Cardwell",SAC,"Good defender",-2.08,1.10,20.6,44,6,10,1,310
"Kris Murray",MEM,"Good defender",-2.47,1.10,23.4,57,8,7,1,180
"Jusuf Nurkić",UTA,"Good defender",-1.19,1.10,26.4,41,6,12,1,670
"Jaylen Clark",MIN,"Good defender",-2.28,1.09,13.0,68,9,6,1,360
"John Konchar",2TM,"Good defender",-2.92,1.05,19.9,56,8,6,1,220
"Goga Bitadze",ORL,"Good defender",0.00,1.05,15.2,64,7,12,1,660
"Brandon Miller",CHA,"Good defender",2.47,1.01,30.3,65,13,12,1,1140
"Gary Payton II",GSW,"Good defender",-0.15,1.00,15.6,73,12,8,1,710
"Caleb Martin",DAL,"Good defender",-4.00,0.97,14.8,58,7,5,1,230
"Ziaire Williams",LAL,"Good defender",-2.00,0.97,22.9,56,9,7,1,540
"Evan Mobley",CLE,"Good defender",1.16,0.95,31.9,65,9,14,1,900
"Vince Williams Jr.",2TM,"Good defender",-1.61,0.94,20.5,40,10,6,1,520
"Herbert Jones",NOP,"Good defender",-1.76,0.94,28.4,56,10,7,1,350
"De'Anthony Melton",GSW,"Good defender",-0.94,0.93,23.0,49,11,7,1,710
"Jamaree Bouyea",PHX,"Good defender",-2.25,0.93,14.0,46,10,5,1,570
"Jayson Tatum",BOS,"Good defender",2.07,0.93,32.6,16,12,14,1,1130
"Dean Wade",PHI,"Good defender",-0.97,0.92,22.3,59,8,10,1,280
"Toumani Camara",POR,"Good defender",-0.22,0.92,33.3,82,9,11,1,430
"Franz Wagner",ORL,"Good defender",1.78,0.91,30.0,34,12,13,1,1100
"Mikal Bridges",NYK,"Good defender",0.87,0.90,32.8,82,12,11,1,790
"Jamir Watkins",WAS,"Good defender",-1.89,0.89,20.6,50,9,7,1,520
"Karl-Anthony Towns",NYK,"Good defender",2.58,0.87,31.0,75,10,17,2,930
"Naz Reid",CHA,"Good defender",-0.86,0.86,26.1,77,7,11,1,620
"Ja'Kobe Walter",TOR,"Good defender",-0.97,0.83,20.5,72,11,6,1,460
"Aaron Wiggins",ATL,"Good defender",-2.00,0.83,21.7,65,8,7,1,450
"Cade Cunningham",DET,"Good defender, elite offense",3.69,0.81,33.9,64,15,11,1,1070
"Isaiah Stewart",MEM,"Good defender",-0.79,0.80,22.9,58,7,11,1,460
"Sandro Mamukelashvili",LAL,"Good defender",1.14,0.78,21.9,80,9,13,1,800
"Zeke Nnaji",DEN,"Good defender",-3.19,0.78,12.0,52,5,8,1,310
"Dominick Barlow",PHI,"Good defender",-1.51,0.76,23.8,71,7,9,1,300
"Donte DiVincenzo",MIN,"Good defender",0.98,0.75,30.4,82,14,9,1,680
"Dejounte Murray",NOP,"Good defender",0.84,0.74,27.8,14,12,7,1,790
"P.J. Washington",DAL,"Good defender",-1.81,0.74,30.5,57,7,9,1,490
"Donovan Clingan",POR,"Average defender, very good offense",1.89,0.72,27.2,77,8,16,1,830
"Yves Missi",NOP,"Average defender",-1.80,0.71,19.7,66,6,10,1,460
"Luguentz Dort",ATL,"Average defender",-1.46,0.70,26.8,69,8,8,0,230
"Jrue Holiday",POR,"Average defender, above average offense",1.44,0.70,29.4,53,14,9,1,880
"Jamal Shead",TOR,"Average defender",-1.25,0.70,22.6,82,11,6,1,270
"Dylan Harper",SAS,"Average defender",-0.05,0.69,22.6,69,12,9,1,770
"Moussa Diabaté",CHA,"Average defender, above average offense",0.79,0.69,26.0,73,9,13,1,510
"Kevin Durant",HOU,"Average defender, very good offense",3.41,0.67,36.4,78,13,14,1,1190
"Nikola Jokić",DEN,"Average defender, elite offense",7.46,0.66,34.8,65,10,20,1,1250
"Miles McBride",NYK,"Average defender, above average offense",1.23,0.65,26.3,41,13,8,0,570
"Jose Alvarado",NYK,"Average defender",-0.80,0.63,19.9,69,12,6,1,620
"Sion James",CHA,"Average defender",-2.22,0.61,22.5,82,9,6,1,280
"Brandin Podziemski",GSW,"Average defender",-0.57,0.61,28.5,82,11,8,1,750
"Baylor Scheierman",BOS,"Average defender",-0.89,0.59,18.3,78,10,7,1,460
"Nikola Jović",MIA,"Average defender",-3.11,0.58,17.2,47,5,8,1,470
"Joel Embiid",PHI,"Average defender, elite offense",3.68,0.58,31.6,38,9,16,0,1190
"Tobias Harris",SAS,"Average defender, above average offense",0.51,0.58,27.7,63,9,11,0,760
"Kobe Sanders",LAC,"Average defender",-1.87,0.56,19.9,68,9,6,1,570
"De'Aaron Fox",SAS,"Average defender, very good offense",2.39,0.53,31.0,72,15,9,0,820
"Onyeka Okongwu",ATL,"Average defender",0.04,0.51,31.0,74,8,12,0,450
"Jakob Poeltl",TOR,"Average defender, above average offense",0.40,0.51,25.0,46,7,13,0,620
"Bilal Coulibaly",WAS,"Average defender",-1.31,0.50,26.2,56,10,7,1,610
"Keon Ellis",BKN,"Average defender",-2.43,0.50,20.5,72,9,5,0,210
"Collin Gillespie",PHX,"Average defender, very good offense",1.87,0.49,28.5,80,15,8,0,650
"Anthony Black",ORL,"Average defender",-0.68,0.48,29.8,64,11,7,1,590
"Dwight Powell",DAL,"Average defender",-1.44,0.46,14.3,63,6,10,0,400
"Josh Hart",NYK,"Average defender",0.24,0.44,30.2,66,12,9,1,550
"Rasheer Fleming",PHX,"Average defender",-1.78,0.44,12.2,55,6,9,0,400
"Josh Green",UTA,"Average defender",-1.29,0.43,15.7,58,10,6,0,330
"Tyrese Maxey",PHI,"Average defender, very good offense",3.17,0.42,38.0,70,16,9,0,1010
"Draymond Green",GSW,"Average defender",-2.05,0.42,27.5,68,7,8,0,250
"Dillon Brooks",PHX,"Average defender, above average offense",0.39,0.41,30.4,56,10,11,0,830
"Lauri Markkanen",UTA,"Average defender, very good offense",3.37,0.41,34.3,42,11,15,0,1080
"Kawhi Leonard",LAC,"Average defender, elite offense",6.24,0.38,32.1,65,15,15,0,1490
"Ryan Kalkbrenner",CHA,"Average defender",-1.46,0.36,21.4,69,6,10,0,400
"Nae'Qwan Tomlin",CLE,"Average defender",-1.61,0.35,15.7,64,7,8,0,380
"Adem Bona",PHI,"Average defender",-2.18,0.33,17.4,71,5,9,0,210
"Spencer Jones",DEN,"Average defender",-2.08,0.32,22.1,64,7,7,0,110
"Jalen Green",PHX,"Average defender",-0.04,0.31,25.9,32,12,7,-1,700
"Austin Reaves",LAL,"Average defender, very good offense",2.74,0.31,34.5,51,14,10,0,940
"Devin Vassell",SAS,"Average defender, above average offense",1.40,0.31,30.5,67,14,9,1,580
"Ryan Rollins",MIL,"Average defender, above average offense",0.78,0.30,32.1,74,13,8,0,920
"Julian Champagnie",SAS,"Average defender, above average offense",1.23,0.29,27.6,82,11,11,0,580
"Precious Achiuwa",SAC,"Average defender",-0.54,0.27,23.9,73,8,10,0,590
"Craig Porter Jr.",CLE,"Average defender",-1.34,0.27,17.9,64,10,6,0,250
"Pelle Larsson",MIA,"Average defender",-0.12,0.26,26.4,70,10,9,0,620
"Keldon Johnson",SAS,"Average defender",0.28,0.26,23.3,82,9,9,0,640
"Landry Shamet",NYK,"Average defender",-0.49,0.25,23.0,51,10,7,0,290
"Andre Drummond",NYK,"Average defender",-1.36,0.23,19.5,63,5,10,0,250
"Jalen Smith",CHI,"Average defender, above average offense",1.34,0.21,20.7,53,8,13,0,700
"Caris LeVert",MIL,"Average defender",-3.05,0.21,19.3,60,7,6,0,350
"Davion Mitchell",MIA,"Average defender, above average offense",0.45,0.20,28.6,70,12,8,0,420
"Kevin Huerter",DET,"Average defender",-0.52,0.19,22.4,69,10,8,0,570
"Jaylon Tyson",CLE,"Average defender, above average offense",0.56,0.19,26.9,66,10,9,0,790
"Nickeil Alexander-Walker",ATL,"Average defender, very good offense",2.07,0.19,33.4,78,14,9,0,970
"Luka Dončić",LAL,"Average defender, elite offense",6.44,0.18,35.8,64,17,13,0,1420
"Quinten Post",MEM,"Average defender",-0.14,0.15,17.3,67,7,11,0,750
"T.J. McConnell",IND,"Average defender, above average offense",0.82,0.13,17.2,56,13,7,0,790
"Kelly Oubre Jr.",IND,"Average defender",-0.70,0.12,31.5,50,8,8,0,410
"VJ Edgecombe",PHI,"Average defender",0.23,0.12,35.0,75,13,7,0,590
"Jabari Smith Jr.",HOU,"Average defender, above average offense",0.42,0.11,35.1,77,8,12,0,650
"Kel'el Ware",MIL,"Average defender, above average offense",0.55,0.11,22.1,77,7,13,0,680
"Jalen Johnson",ATL,"Average defender, above average offense",1.44,0.10,35.2,72,10,12,0,910
"Karlo Matković",NOP,"Average defender",-0.92,0.09,14.7,62,7,9,0,530
"Sidy Cissoko",POR,"Average defender",-2.88,0.09,19.1,75,7,5,0,120
"Immanuel Quickley",TOR,"Average defender, very good offense",2.17,0.09,31.9,70,15,9,0,830
"Andrew Wiggins",MIA,"Average defender",0.23,0.09,30.3,68,10,9,0,720
"Cedric Coward",MEM,"Average defender, above average offense",0.66,0.08,25.8,62,12,8,0,770
"Luke Kornet",SAS,"Average defender",0.22,0.08,21.0,68,7,11,0,360
"Daniss Jenkins",DET,"Average defender",-1.00,0.08,20.2,72,10,5,0,490
"Reed Sheppard",HOU,"Average defender, above average offense",0.46,0.07,26.2,82,12,7,0,810
"Myles Turner",MIL,"Average defender",-0.83,0.06,26.9,71,6,11,0,550
"Quentin Grimes",LAL,"Average defender",-0.97,0.06,29.4,75,9,7,0,430
"Naji Marshall",DAL,"Average defender",-0.30,0.06,29.5,74,9,9,0,710
"LeBron James",PHI,"Average defender, above average offense",1.42,0.04,33.1,60,11,11,0,960
"Bones Hyland",MIN,"Average defender, above average offense",0.80,0.03,16.6,71,12,7,0,820
"Danny Wolf",BKN,"Average defender",-2.05,0.01,20.8,57,6,8,0,430
"Al Horford",GSW,"Average defender",-0.53,0.00,21.5,45,7,10,0,460
"Sam Hauser",BOS,"Average defender, above average offense",1.07,-0.01,24.8,78,9,11,0,490
"Will Richard",GSW,"Average defender",-1.71,-0.02,20.0,69,8,6,0,180
"Christian Braun",DEN,"Average defender",-0.16,-0.03,31.8,44,10,8,0,390
"Mark Williams",PHX,"Average defender",0.24,-0.04,23.6,60,7,12,0,650
"Ochai Agbaji",2TM,"Average defender",-3.09,-0.05,15.7,62,6,5,0,230
"Desmond Bane",ORL,"Average defender, very good offense",1.84,-0.05,33.6,82,13,10,0,920
"Jake LaRavia",LAL,"Average defender",-1.10,-0.05,25.1,82,7,8,0,220
"Cameron Johnson",DEN,"Average defender, above average offense",0.98,-0.05,30.5,54,10,10,0,620
"Tristan Da Silva",ORL,"Average defender",-0.95,-0.07,24.7,77,8,8,0,400
"Matas Buzelis",CHI,"Average defender",-0.14,-0.07,29.2,77,8,10,0,640
"Gui Santos",GSW,"Average defender",-0.19,-0.08,20.5,68,9,9,0,650
"Jaylen Brown",PHI,"Average defender, very good offense",2.29,-0.09,34.4,71,12,11,0,1100
"Cooper Flagg",DAL,"Average defender",0.02,-0.09,33.5,70,9,10,0,860
"Julius Randle",BKN,"Average defender, very good offense",1.86,-0.09,33.0,79,9,12,0,830
"Klay Thompson",MIA,"Average defender",-0.86,-0.10,21.7,69,9,7,0,630
"Kyle Anderson",TOR,"Average defender",-2.83,-0.12,19.8,43,6,6,0,210
"Aaron Gordon",DEN,"Average defender, very good offense",2.49,-0.12,27.9,36,9,13,0,760
"Ayo Dosunmu",MIN,"Average defender",0.21,-0.13,27.3,69,11,7,0,710
"Santi Aldama",DAL,"Average defender",0.09,-0.15,27.9,43,8,10,0,630
"CJ McCollum",ATL,"Average defender, above average offense",1.48,-0.15,29.8,76,13,8,0,820
"Pascal Siakam",IND,"Average defender, above average offense",1.51,-0.15,33.2,62,9,13,0,960
"Ivica Zubac",IND,"Average defender",0.18,-0.15,30.1,48,7,12,0,640
"Donovan Mitchell",CLE,"Average defender, elite offense",5.21,-0.17,33.5,70,15,11,0,1130
"Paolo Banchero",ORL,"Average defender, above average offense",0.47,-0.18,34.7,72,8,12,0,910
"Thomas Bryant",CLE,"Average defender",0.17,-0.18,12.2,60,7,11,0,630
"Nique Clifford",SAC,"Average defender",-2.67,-0.19,25.1,75,7,5,0,300
"Zion Williamson",NOP,"Average defender, above average offense",1.55,-0.20,29.7,62,9,13,0,810
"Micah Peavy",NOP,"Average defender",-2.98,-0.21,15.0,61,6,5,0,50
"Kasparas Jakučionis",MIL,"Average defender",-0.37,-0.23,17.8,53,10,7,0,440
"Kon Knueppel",CHA,"Average defender, very good offense",2.86,-0.24,31.5,81,13,11,0,1060
"Peyton Watson",CLE,"Average defender",0.24,-0.25,29.6,54,10,9,0,710
"Grayson Allen",CHA,"Average defender, above average offense",1.81,-0.25,28.7,51,13,9,0,860
"Aaron Holiday",HOU,"Average defender",-1.18,-0.27,13.7,57,9,5,0,490
"Kyle Kuzma",MIL,"Average defender",-1.02,-0.27,26.2,69,8,8,0,560
"Kyshawn George",WAS,"Average defender",-0.35,-0.29,29.0,48,8,9,0,670
"Nic Claxton",CHI,"Average defender",-0.50,-0.30,27.8,69,7,10,0,570
"Duncan Robinson",DET,"Average defender, very good offense",2.09,-0.30,27.6,77,12,10,-1,580
"Isaiah Joe",DET,"Average defender, above average offense",1.65,-0.31,21.2,71,13,7,0,730
"Devin Booker",PHX,"Average defender, very good offense",2.84,-0.32,33.5,64,14,10,0,1070
"Deandre Ayton",WAS,"Average defender",-0.26,-0.32,27.2,72,6,11,0,530
"LaMelo Ball",MIN,"Average defender, elite offense",4.84,-0.33,28.0,72,17,10,0,1150
"Mike Conley",BOS,"Average defender",-1.57,-0.33,18.4,54,10,5,0,230
"Norman Powell",CHI,"Average defender, very good offense",1.89,-0.35,29.6,58,13,9,0,920
"Jarred Vanderbilt",LAL,"Average defender",-2.32,-0.36,17.3,65,6,6,0,130
"Bruce Brown",DEN,"Average defender",-3.32,-0.36,24.4,82,6,4,0,220
"Collin Sexton",LAL,"Average defender",0.27,-0.41,23.7,68,11,7,0,780
"Ja Morant",POR,"Average defender",0.36,-0.42,28.4,20,15,8,1,1200
"Max Christie",DAL,"Average defender",-0.75,-0.43,29.1,77,10,6,0,390
"Gradey Dick",TOR,"Average defender",-2.31,-0.44,14.0,76,7,5,0,350
"Javon Small",MEM,"Average defender, above average offense",0.72,-0.44,20.2,41,12,7,0,710
"Nikola Vučević",ORL,"Average defender, above average offense",0.77,-0.45,28.4,64,7,12,0,680
"Jamal Cain",ORL,"Average defender",-0.23,-0.45,12.1,40,9,6,0,430
"Aaron Nesmith",IND,"Average defender",-0.28,-0.46,29.6,45,9,8,0,520
"Patrick Williams",CHI,"Average defender",-4.18,-0.47,20.5,72,4,4,0,100
"Alex Sarr",WAS,"Average defender",-0.09,-0.47,27.2,48,7,10,0,710
"Quenton Jackson",IND,"Average defender",-0.70,-0.48,18.3,49,10,6,0,550
"Taylor Hendricks",MEM,"Average defender",-2.07,-0.48,18.9,59,6,7,0,320
"John Collins",DET,"Average defender",-0.21,-0.48,27.1,69,7,10,0,620
"Simone Fontecchio",MIA,"Average defender, above average offense",0.77,-0.50,16.7,70,8,10,0,740
"Tre Jones",CHI,"Average defender, above average offense",0.87,-0.50,27.0,65,12,7,-1,740
"Jaxson Hayes",UTA,"Average defender",-0.46,-0.51,18.3,66,6,10,0,320
"Anthony Edwards",MIN,"Average defender, elite offense",3.57,-0.51,35.0,61,14,10,-1,1040
"Terance Mann",BKN,"Average defender",-1.29,-0.53,24.3,63,8,6,-1,200
"Buddy Hield",ATL,"Average defender",-0.88,-0.55,16.1,51,8,7,-1,600
"Jalen Pickett",LAC,"Average defender",-1.29,-0.57,16.1,50,9,5,-1,220
"Daniel Gafford",DAL,"Average defender",-0.60,-0.57,21.7,55,6,10,-1,530
"Trey Murphy III",NOP,"Average defender, very good offense",2.44,-0.58,35.5,66,12,11,-1,990
"RJ Barrett",TOR,"Average defender, very good offense",2.19,-0.59,30.3,57,12,10,-1,940
"Keegan Murray",SAC,"Average defender",-2.11,-0.59,34.5,23,8,10,1,630
"Egor Dëmin",BKN,"Average defender",-0.25,-0.61,25.2,52,10,6,-1,470
"Vít Krejčí",POR,"Average defender",-1.21,-0.61,21.4,65,8,6,-1,310
"Stephen Curry",GSW,"Average defender, elite offense",5.62,-0.62,30.9,43,18,10,-1,1220
"Miles Bridges",PHX,"Average defender, above average offense",1.34,-0.62,31.0,77,9,11,-1,800
"Russell Westbrook",SAC,"Average defender",-0.04,-0.62,28.9,64,10,7,-1,590
"Jaime Jaquez Jr.",MIL,"Average defender",-0.73,-0.63,28.3,75,7,8,-1,580
"Brandon Ingram",TOR,"Average defender, above average offense",0.45,-0.64,33.8,77,9,9,-1,670
"Royce O'Neale",CHA,"Average defender",-0.86,-0.65,28.4,78,8,7,-1,350
"Harrison Barnes",SAS,"Average defender, above average offense",0.41,-0.66,25.8,77,8,9,-1,300
"Nicolas Batum",LAC,"Average defender",-2.23,-0.66,17.5,74,5,7,-1,120
"Olivier-Maxence Prosper",MEM,"Average defender, above average offense",0.52,-0.69,18.5,53,8,10,-1,650
"Darius Garland",LAC,"Average defender, very good offense",2.14,-0.69,29.9,45,14,8,-1,900
"Jaylen Wells",MEM,"Average defender",0.11,-0.69,26.4,69,9,8,-1,600
"Isaiah Jackson",LAC,"Average defender",-1.19,-0.71,16.5,55,6,8,-1,410
"De'Andre Hunter",SAC,"Average defender",-1.20,-0.71,26.1,45,7,7,-1,530
"Svi Mykhailiuk",UTA,"Average defender, above average offense",0.45,-0.72,22.7,51,10,8,-1,610
"Kentavious Caldwell-Pope",PHI,"Average defender",-1.89,-0.73,21.3,51,7,5,-1,330
"Jay Huff",IND,"Average defender",-0.90,-0.73,21.0,82,5,10,-1,530
"Dennis Schröder",CHA,"Average defender",-1.44,-0.73,24.2,70,8,5,-1,370
"Sam Merrill",CLE,"Average defender, very good offense",2.24,-0.74,26.5,52,11,9,-1,610
"Drake Powell",BKN,"Average defender",-4.12,-0.75,20.9,63,5,3,-1,100
"Tristan Vukcevic",WAS,"Average defender",-0.26,-0.76,13.7,49,6,10,-1,810
"Bennedict Mathurin",LAC,"Average defender",-0.84,-0.76,30.0,54,8,7,-1,490
"Gary Harris",DET,"Average defender",-3.36,-0.76,13.8,48,5,4,-1,40
"Jonas Valančiūnas",DEN,"Average defender, above average offense",1.10,-0.77,13.4,65,6,12,-1,1090
"Jordan Clarkson",NYK,"Average defender",-0.95,-0.77,17.8,72,8,6,-1,450
"Zaccharie Risacher",DAL,"Average defender",-1.36,-0.78,22.4,67,7,7,-1,370
"Guerschon Yabusele",2TM,"Average defender",-1.59,-0.78,15.0,67,5,8,-1,360
"Leonard Miller",CHI,"Average defender",-0.17,-0.78,15.6,46,8,8,-1,570
"Tyrese Martin",PHI,"Average defender",-1.99,-0.78,16.9,46,7,5,-1,320
"Justin Champagnie",WAS,"Average defender",0.02,-0.82,20.0,69,8,8,-1,510
"Pete Nance",MIL,"Average defender",-0.90,-0.83,15.7,47,6,8,-1,310
"Shaedon Sharpe",POR,"Average defender",-0.47,-0.85,28.9,51,10,6,-1,650
"Rob Dillingham",CHI,"Average defender",-4.86,-0.85,14.9,65,4,2,-1,100
"Alperen Şengün",HOU,"Average defender, above average offense",1.53,-0.88,33.3,72,8,12,-1,800
"Brandon Williams",GSW,"Average defender",-0.49,-0.88,22.2,66,9,6,-1,500
"Julian Strawther",DEN,"Average defender",-0.97,-0.90,15.1,57,8,6,-1,410
"Ty Jerome",MEM,"Average defender, elite offense",7.07,-0.90,22.5,15,15,10,0,1300
"Rui Hachimura",LAC,"Average defender",-0.83,-0.90,28.3,68,7,8,-1,420
"Noah Penda",ORL,"Average defender",-2.59,-0.90,12.8,59,6,5,-1,230
"Ryan Nembhard",ATL,"Average defender",-1.01,-0.91,19.5,60,9,5,-1,370
"Isaac Okoro",CHI,"Average defender",-0.82,-0.91,26.9,63,8,7,-1,360
"Saddiq Bey",NOP,"Average defender, above average offense",1.50,-0.94,31.2,72,10,10,-1,770
"Deni Avdija",POR,"Slightly negative defender, very good offense",3.02,-0.95,32.8,67,12,11,-1,1020
"Payton Pritchard",BOS,"Slightly negative defender, very good offense",2.72,-0.98,32.3,79,15,8,-1,820
"Justin Edwards",PHI,"Slightly negative defender",-1.16,-0.98,15.0,65,7,6,-1,360
"Kenrich Williams",OKC,"Slightly negative defender",-0.99,-1.02,15.3,56,6,8,-1,460
"Coby White",CHA,"Slightly negative defender, very good offense",2.10,-1.03,25.0,50,13,8,-1,950
"Tyler Herro",MIL,"Slightly negative defender, very good offense",1.98,-1.05,31.3,33,14,10,-1,970
"Ben Sheppard",IND,"Slightly negative defender",-1.95,-1.06,21.6,65,7,5,-1,150
"Jerami Grant",MEM,"Slightly negative defender, above average offense",1.13,-1.06,29.2,58,9,9,-1,660
"Josh Giddey",CHI,"Slightly negative defender, above average offense",1.05,-1.06,32.1,54,11,8,-1,640
"Domantas Sabonis",SAC,"Slightly negative defender",-0.00,-1.06,29.6,19,9,15,0,960
"Micah Potter",POR,"Slightly negative defender, above average offense",0.51,-1.07,19.3,47,6,11,-1,630
"Luke Kennard",PHX,"Slightly negative defender",-0.23,-1.08,21.5,78,9,6,-1,390
"Gabe Vincent",ATL,"Slightly negative defender",-1.83,-1.08,16.6,53,7,5,-1,140
"James Harden",CLE,"Slightly negative defender, elite offense",3.86,-1.09,34.8,70,14,10,-1,860
"Jared McCain",OKC,"Slightly negative defender",-1.15,-1.09,17.3,67,8,5,-1,530
"Derik Queen",NOP,"Slightly negative defender",-1.67,-1.11,25.0,81,5,7,-1,380
"Marvin Bagley III",DEN,"Slightly negative defender",0.37,-1.15,20.0,60,6,10,-1,530
"Jeremiah Fears",NOP,"Slightly negative defender",-1.43,-1.16,25.7,82,8,5,-1,480
"Andrew Nembhard",IND,"Slightly negative defender, above average offense",1.12,-1.17,31.3,57,12,7,-1,660
"Jarace Walker",IND,"Slightly negative defender",-2.40,-1.18,25.9,76,5,5,-1,300
"Jevon Carter",ORL,"Slightly negative defender",-1.60,-1.18,16.4,53,8,4,-1,190
"Jordan Miller",LAC,"Slightly negative defender",-0.52,-1.19,22.1,60,8,6,-1,410
"Khris Middleton",WAS,"Slightly negative defender",-1.46,-1.20,22.8,63,6,6,-1,390
"Noah Clowney",BKN,"Bad defender",-0.70,-1.21,27.0,66,6,8,-1,420
"Bryce McGowens",NOP,"Bad defender",-0.81,-1.26,21.0,42,8,6,-1,300
"Anfernee Simons",PHI,"Bad defender, above average offense",1.06,-1.30,24.9,55,11,7,-1,830
"Jalen Brunson",NYK,"Bad defender, elite offense",3.98,-1.31,35.0,74,16,9,-1,1060
"Drew Eubanks",SAC,"Bad defender",-2.78,-1.33,13.1,42,3,6,-1,180
"Michael Porter Jr.",BKN,"Bad defender, elite offense",3.68,-1.33,32.5,52,12,12,-1,1060
"Terrence Shannon Jr.",MIN,"Bad defender",-1.43,-1.35,12.5,43,7,6,-1,510
"Ace Bailey",UTA,"Bad defender",-1.29,-1.40,27.6,72,6,6,-1,390
"Luka Garza",BOS,"Bad defender, very good offense",2.22,-1.40,16.2,69,7,12,-1,680
"Rayan Rupert",PHI,"Bad defender",-4.34,-1.42,16.8,64,3,3,-1,40
"Jock Landale",ATL,"Bad defender, above average offense",1.00,-1.42,22.1,68,6,11,-1,560
"Cam Spencer",MEM,"Bad defender, very good offense",1.92,-1.43,23.8,72,12,7,-1,630
"Ben Saraf",BKN,"Bad defender",-4.67,-1.45,20.8,44,3,3,-1,80
"Kyle Filipowski",UTA,"Bad defender",0.17,-1.50,23.4,77,6,9,-1,620
"Kobe Brown",IND,"Bad defender",-1.28,-1.54,15.8,61,5,7,-2,290
"Jett Howard",DAL,"Bad defender",-0.63,-1.60,12.6,55,7,6,-2,360
"Tre Johnson",WAS,"Bad defender",-1.17,-1.66,24.0,60,7,5,-2,430
"Cody Williams",MIN,"Bad defender",-2.73,-1.67,24.3,67,5,4,-2,210
"Trae Young",WAS,"Bad defender, elite offense",3.79,-1.67,25.5,15,15,8,-2,810
"Pat Spencer",PHX,"Bad defender",-1.24,-1.70,18.6,66,7,5,-2,340
"Jamal Murray",DEN,"Bad defender, elite offense",5.11,-1.70,35.4,75,15,10,-2,1080
"Tyus Jones",DEN,"Bad defender",-2.85,-1.71,14.6,67,5,3,-2,30
"Zach LaVine",SAC,"Bad defender, above average offense",0.77,-1.72,31.4,39,11,8,-2,860
"Jaden Hardy",LAL,"Bad defender",-0.33,-1.73,15.8,57,9,5,-2,610
"Ousmane Dieng",MIL,"Bad defender",-2.50,-1.73,19.3,57,4,5,-2,250
"Tre Mann",WAS,"Awful defender",-3.44,-1.73,12.6,53,4,3,-2,170
"Tim Hardaway Jr.",MIA,"Awful defender, above average offense",0.81,-1.74,26.6,80,9,7,-2,490
"Anthony Gill",WAS,"Awful defender",-1.93,-1.74,17.3,55,4,6,-2,200
"Corey Kispert",ATL,"Awful defender",-0.57,-1.77,18.6,58,7,6,-2,490
"Nolan Traoré",BKN,"Awful defender",-3.16,-1.81,22.2,56,4,3,-2,140
"Malik Monk",SAC,"Awful defender",-0.16,-1.87,22.0,62,9,5,-2,630
"Jalen Wilson",ATL,"Awful defender",-2.60,-1.91,15.9,54,4,5,-2,170
"Caleb Love",PHI,"Awful defender",-1.49,-1.95,20.7,49,7,4,-2,390
"Gary Trent Jr.",MIL,"Awful defender",-1.95,-1.96,21.2,65,6,4,-2,240
"Maxime Raynaud",SAC,"Awful defender",-0.76,-2.02,26.5,74,4,8,-2,360
"Sharife Cooper",WAS,"Awful defender",-1.29,-2.07,17.0,41,7,4,-2,310
"Trendon Watford",NOP,"Awful defender",-2.64,-2.09,16.3,53,3,5,-2,180
"Bobby Portis",MIA,"Awful defender",0.32,-2.09,24.2,67,6,8,-2,640
"Isaiah Collier",UTA,"Awful defender",-1.54,-2.20,25.7,59,6,4,-2,310
"Brice Sensabaugh",UTA,"Awful defender",0.25,-2.26,23.5,75,7,7,-2,590
"Jordan Hawkins",NOP,"Awful defender",-3.50,-2.26,13.5,51,4,2,-2,60
"DeMar DeRozan",SAC,"Awful defender, above average offense",1.28,-2.33,31.2,77,8,8,-2,660
"Keyonte George",UTA,"Awful defender, very good offense",2.73,-2.43,33.1,54,13,7,-2,810
"Jericho Sims",MIL,"Awful defender",-1.71,-2.44,19.7,67,3,6,-2,230
"Nick Richards",MIA,"Awful defender",-3.67,-2.54,14.6,48,2,4,-3,110
"Will Riley",WAS,"Awful defender",-2.09,-2.57,22.1,74,4,4,-3,240
"Bub Carrington",WAS,"Awful defender",-1.86,-2.78,27.7,82,5,3,-3,240
"Cam Thomas",2TM,"Awful defender",-0.56,-3.25,21.0,42,6,4,-3,390
