name,team,salary,defBoost,chart$,conv$,target$,defence$
"Tyrese Maxey",PHI,1010,0,299,19,-13,106
"Amen Thompson",HOU,870,1,99,17,-13,165
"Kevin Durant",HOU,1190,1,249,54,49,240
"Luka Dončić",LAL,1420,0,517,39,-13,276
"Trey Murphy III",NOP,990,-1,163,37,49,145
"Jamal Murray",DEN,1080,-2,235,44,49,151
"Jalen Johnson",ATL,910,0,169,48,-13,103
"Jabari Smith Jr.",HOU,650,0,83,-41,-13,24
"Anthony Edwards",MIN,1040,-1,220,30,49,144
"Jalen Brunson",NYK,1060,-1,352,16,-13,106
"VJ Edgecombe",PHI,590,0,-14,13,-13,2
"Nikola Jokić",DEN,1250,1,421,92,-13,153
"James Harden",CLE,860,-1,117,14,-13,144
"Paolo Banchero",ORL,910,0,247,53,-13,24
"Austin Reaves",LAL,940,0,194,16,-13,144
"Keegan Murray",SAC,630,1,-14,-13,15,39
"Jaylen Brown",PHI,1100,0,349,19,-13,145
"Lauri Markkanen",UTA,1080,0,349,-27,-13,171
"Derrick White",BOS,730,2,-50,6,-13,186
"Cade Cunningham",DET,1070,1,239,37,-13,206
"Brandon Ingram",TOR,670,-1,78,-15,-13,15
"Desmond Bane",ORL,920,0,174,-35,49,132
"Donovan Mitchell",CLE,1130,0,348,5,-13,192
"Devin Booker",PHX,1070,0,332,8,-13,144
"Cooper Flagg",DAL,860,0,227,9,-13,35
"Scottie Barnes",TOR,900,2,114,32,-13,165
"Nickeil Alexander-Walker",ATL,970,0,188,29,49,101
"Deni Avdija",POR,1020,-1,265,21,-13,145
"Alperen Şengün",HOU,800,-1,136,54,-13,24
"Toumani Camara",POR,430,1,-187,-54,-13,84
"Shai Gilgeous-Alexander",OKC,1420,2,556,21,-13,259
"Pascal Siakam",IND,960,0,286,14,-13,74
"LeBron James",PHI,960,0,182,43,15,119
"OG Anunoby",NYK,820,1,21,-37,49,182
"Dyson Daniels",ATL,590,3,-212,28,-13,190
"Keyonte George",UTA,810,-2,211,7,-13,2
"Julius Randle",BKN,830,0,158,16,-13,65
"Mikal Bridges",NYK,790,1,-14,25,15,167
"Jayson Tatum",BOS,1130,1,259,66,-13,213
"Michael Porter Jr.",BKN,1060,-1,281,19,-13,168
"Bam Adebayo",MIA,1010,2,196,59,-13,170
"Payton Pritchard",BOS,820,-1,158,17,-13,55
"Kawhi Leonard",LAC,1490,0,496,52,49,293
"Ryan Rollins",MIL,920,0,178,45,49,50
"Josh Giddey",CHI,640,-1,-49,70,-13,29
"Evan Mobley",CLE,900,1,100,85,15,105
"Immanuel Quickley",TOR,830,0,124,14,-13,105
"Christian Braun",DEN,390,0,-161,-53,-13,12
"Jaden McDaniels",MIN,720,1,75,-42,-13,97
"Joel Embiid",PHI,1190,0,453,67,-13,83
"Kon Knueppel",CHA,1060,0,203,46,49,166
"Kelly Oubre Jr.",IND,410,0,-90,-54,-13,-36
"Zach LaVine",SAC,860,-2,161,19,49,29
"Tyler Herro",MIL,970,-1,207,34,-13,144
"Anthony Davis",WAS,1130,2,315,99,-13,129
"Andrew Nembhard",IND,660,-1,54,24,-13,-2
"Rudy Gobert",MIN,550,3,-133,-16,-13,111
"DeMar DeRozan",SAC,660,-2,107,1,-13,-36
"Saddiq Bey",NOP,770,-1,142,-26,-13,67
"Jimmy Butler",GSW,1010,0,206,30,-13,185
"Karl-Anthony Towns",NYK,930,2,75,94,-13,171
"De'Aaron Fox",SAS,820,0,111,14,-13,105
"Miles Bridges",PHX,800,-1,145,15,-13,53
"Onyeka Okongwu",ATL,450,0,-154,-9,-13,25
"P.J. Washington",DAL,490,1,-45,-52,-13,-6
"Stephen Curry",GSW,1220,-1,363,51,49,155
"Paul George",BOS,930,1,112,44,49,128
"Devin Vassell",SAS,580,1,-153,-44,49,129
"Cameron Johnson",DEN,620,0,-50,-47,49,67
"Dillon Brooks",PHX,830,0,212,-53,-13,87
"Donte DiVincenzo",MIN,680,1,-128,29,49,129
"Brandon Miller",CHA,1140,1,236,49,49,207
"Jaren Jackson Jr.",UTA,860,2,219,-35,-13,87
"RJ Barrett",TOR,940,-1,217,20,-13,116
"Andrew Wiggins",MIA,720,0,4,29,49,42
"Josh Hart",NYK,550,1,-188,36,-13,112
"Ivica Zubac",IND,640,0,32,39,-13,-20
"Franz Wagner",ORL,1100,1,292,23,-13,201
"Bennedict Mathurin",LAC,490,-1,-34,-6,-13,-60
"Stephon Castle",SAS,860,1,81,28,-13,165
"Darius Garland",LAC,900,-1,201,-6,49,53
"CJ McCollum",ATL,820,0,178,-1,-13,50
"Anthony Black",ORL,590,1,-20,-8,-13,30
"Zion Williamson",NOP,810,0,136,14,-13,74
"Jerami Grant",MEM,660,-1,53,-57,49,15
"Domantas Sabonis",SAC,960,0,167,127,-13,82
"Aaron Nesmith",IND,520,0,-2,-52,-13,-10
"Norman Powell",CHI,920,0,210,-32,49,94
"Peyton Watson",CLE,710,0,114,-31,-13,41
"Naji Marshall",DAL,710,0,101,8,-13,15
"Shaedon Sharpe",POR,650,-1,130,-13,-13,-59
"Jrue Holiday",POR,880,1,130,33,-13,128
"Quentin Grimes",LAL,430,0,-104,-15,-13,-39
"Wendell Carter Jr.",ORL,450,1,-139,-17,-13,23
"Victor Wembanyama",SAS,1410,5,518,76,-13,231
"Matas Buzelis",CHI,640,0,84,-35,-13,1
"Max Christie",DAL,390,0,-136,-60,49,-59
"A.J. Green",MIL,330,-2,-201,-55,49,-59
"Russell Westbrook",SAC,590,-1,7,19,-13,-23
"Kyshawn George",WAS,670,0,81,16,-13,-16
"Giannis Antetokounmpo",MIA,1560,1,617,116,-13,237
"Chet Holmgren",OKC,940,3,123,10,-13,219
"Grayson Allen",CHA,860,0,173,0,-13,94
"Davion Mitchell",MIA,420,0,-211,1,-13,43
"Ja Morant",POR,1200,1,491,35,-13,85
"Brandin Podziemski",GSW,750,1,89,6,-13,64
"Collin Gillespie",PHX,650,0,-111,61,49,55
"Marcus Smart",HOU,590,2,-105,-1,-13,109
"Jalen Williams",OKC,1090,1,261,35,-13,207
"Nikola Vučević",ORL,680,0,66,50,-13,-20
"Royce O'Neale",CHA,350,-1,-248,10,49,-60
"Herbert Jones",NOP,350,1,-245,-11,-13,17
"Jaime Jaquez Jr.",MIL,580,-1,48,11,-13,-65
"Rui Hachimura",LAC,420,-1,-101,-62,49,-65
"Jalen Duren",DET,840,1,107,32,-13,109
"LaMelo Ball",MIN,1150,0,344,61,-13,155
"Aaron Gordon",DEN,760,0,-2,41,49,74
"Santi Aldama",DAL,630,0,22,14,-13,2
"Dejounte Murray",NOP,790,1,129,40,-13,36
"Nic Claxton",CHI,570,0,-12,29,-13,-36
"Tobias Harris",SAS,760,0,145,-23,-13,53
"Bub Carrington",WAS,240,-3,-183,-14,49,-215
"Ace Bailey",UTA,390,-1,-21,-50,-13,-131
"Jalen Suggs",ORL,720,2,-23,7,-13,148
"Julian Champagnie",SAS,580,0,-147,-43,49,119
"Draymond Green",GSW,250,0,-257,-13,-13,-65
"Duncan Robinson",DET,580,-1,-138,-45,49,116
"Ayo Dosunmu",MIN,710,0,49,17,49,-9
"Alex Sarr",WAS,710,0,104,42,1,-36
"Deandre Ayton",WAS,530,0,5,1,-13,-69
"Donovan Clingan",POR,830,1,97,84,-13,66
"Kris Dunn",LAC,350,1,-266,1,-13,30
"Jarrett Allen",CLE,770,1,81,-4,-13,108
"John Collins",DET,620,0,104,-40,-13,-36
"Tre Jones",CHI,740,-1,141,9,-13,-2
"Noah Clowney",BKN,420,-1,-44,-31,-13,-97
"Derrick Jones Jr.",LAC,600,1,-54,-54,-13,123
"Jaylon Tyson",CLE,790,0,65,33,49,41
"Myles Turner",MIL,550,0,22,-49,49,-68
"Isaac Okoro",CHI,360,-1,-106,-58,-13,-60
"Luguentz Dort",ATL,230,0,-261,-61,-13,-36
"Tim Hardaway Jr.",MIA,490,-2,-56,-61,49,-39
"Cason Wallace",OKC,560,3,-190,2,-13,162
"Sam Merrill",CLE,610,-1,-58,-50,49,64
"Maxime Raynaud",SAC,360,-2,-39,-25,-13,-166
"Jaylen Wells",MEM,600,-1,71,-48,-13,-10
"Pelle Larsson",MIA,620,0,-7,-7,-13,41
"Jusuf Nurkić",UTA,670,1,22,80,-13,-22
"Miles McBride",NYK,570,0,-155,25,49,50
"Reed Sheppard",HOU,810,0,121,37,49,-2
"Kyle Kuzma",MIL,560,0,13,-1,-13,-36
"Bilal Coulibaly",WAS,610,1,7,1,-13,17
"De'Andre Hunter",SAC,530,-1,62,-34,-13,-84
"Naz Reid",CHA,620,1,37,-23,-13,14
"Ausar Thompson",DET,840,4,-40,58,-13,230
"Moussa Diabaté",CHA,510,1,-270,95,-13,101
"Jalen Green",PHX,700,-1,114,2,-13,-2
"Jeremiah Fears",NOP,480,-1,21,-13,-13,-118
"Cedric Coward",MEM,770,0,126,11,-13,42
"Zach Edey",MEM,680,0,106,54,-13,-64
"Ajay Mitchell",OKC,870,2,88,11,-13,180
"Tari Eason",HOU,630,1,-4,-25,-13,69
"Harrison Barnes",SAS,300,-1,-210,-59,-13,-16
"Moses Moody",GSW,900,2,107,-39,49,181
"Isaiah Collier",UTA,310,-2,-90,-10,-13,-175
"Jarace Walker",IND,300,-1,-92,-23,-13,-173
"Trae Young",WAS,810,-2,172,-1,-13,55
"Neemias Queta",BOS,800,2,-2,79,-13,130
"Egor Dëmin",BKN,470,-1,-152,36,49,-59
"Nique Clifford",SAC,300,0,-133,-19,-13,-132
"Jake LaRavia",LAL,220,0,-257,-47,-13,-65
"Coby White",CHA,950,-1,289,19,-13,50
"Derik Queen",NOP,380,-1,-79,15,-13,-143
"Jakob Poeltl",TOR,620,0,-22,69,-13,-16
"Anfernee Simons",PHI,830,-1,171,17,49,-9
"Sam Hauser",BOS,490,0,-162,-47,49,53
"Tristan Da Silva",ORL,400,0,-98,-54,-13,-36
"Bruce Brown",DEN,220,0,-167,-28,-13,-175
"Cody Williams",MIN,210,-2,-149,-37,-13,-193
"Terance Mann",BKN,200,-1,-283,-18,-13,-87
"Bobby Portis",MIA,640,-2,79,4,49,-97
"Dennis Schröder",CHA,370,-1,-83,-13,-13,-118
"Isaiah Hartenstein",OKC,860,3,-2,127,-13,148
"Tre Johnson",WAS,430,-2,4,-27,-13,-132
"Precious Achiuwa",SAC,590,0,10,-9,-13,2
"Cam Spencer",MEM,630,-1,-81,59,49,-2
"Dominick Barlow",PHI,300,1,-229,-52,-13,-5
"Collin Sexton",LAL,780,0,123,17,49,-9
"Mark Williams",PHX,650,0,44,39,-13,-20
"Brice Sensabaugh",UTA,590,-2,111,-20,-13,-84
"Kyle Filipowski",UTA,620,-1,63,59,-13,-85
"Kris Murray",MEM,180,1,-335,-59,-13,-17
"Keldon Johnson",SAS,640,0,77,-44,-13,15
"Svi Mykhailiuk",UTA,610,-1,-62,15,49,12
"De'Anthony Melton",GSW,710,1,86,7,-13,30
"Landry Shamet",NYK,290,0,-213,-120,49,-23
"Ziaire Williams",LAL,540,1,3,-53,-13,3
"Khris Middleton",WAS,390,-1,-56,-13,-13,-131
"Isaiah Stewart",MEM,460,1,-102,-36,-13,14
"Ty Jerome",MEM,1300,0,425,70,49,151
"Dylan Harper",SAS,770,1,64,10,-13,112
"Jamal Shead",TOR,270,1,-246,-67,-13,-10
"Jordan Goodwin",PHX,560,2,-142,8,-13,109
"Sion James",CHA,280,1,-268,-15,-13,-29
"Kevin Huerter",DET,570,0,-58,13,1,12
"Zaccharie Risacher",DAL,370,-1,-77,-57,-13,-84
"Dean Wade",PHI,280,1,-304,-39,-13,39
"Brandon Williams",GSW,500,-1,-9,-7,-13,-72
"Nolan Traoré",BKN,140,-2,-177,-42,-13,-231
"Kel'el Ware",MIL,680,0,66,40,-13,-16
"Jock Landale",ATL,560,-1,17,23,-13,-69
"Will Riley",WAS,240,-3,-116,-32,1,-213
"Jordan Miller",LAC,410,-1,-77,-13,-13,-87
"Spencer Jones",DEN,110,0,-326,-63,-13,-84
"Malik Monk",SAC,630,-2,66,18,49,-107
"Oso Ighodaro",PHX,590,1,-77,64,-13,14
"Sandro Mamukelashvili",LAL,800,1,72,38,-13,101
"Collin Murray-Boyles",TOR,670,1,-3,36,-13,49
"Aaron Wiggins",ATL,450,1,-73,-48,-13,-17
"Brook Lopez",LAC,630,2,34,-40,-13,52
"Klay Thompson",MIA,630,0,64,-46,49,-39
"Daniel Gafford",DAL,530,-1,-8,29,-13,-75
"Luke Kennard",PHX,390,-1,-106,-16,-13,-72
"Al Horford",GSW,460,0,-96,-0,-13,-36
"GG Jackson II",MEM,550,-1,60,-35,-13,-65
"Vít Krejčí",POR,310,-1,-250,2,49,-87
"Ryan Kalkbrenner",CHA,400,0,-96,-15,-13,-74
"Ben Sheppard",IND,150,-1,-279,-22,-13,-132
"Kentavious Caldwell-Pope",PHI,330,-1,-99,-27,-13,-132
"Isaiah Joe",DET,730,0,121,-41,49,2
"Gary Trent Jr.",MIL,240,-2,-63,-109,-13,-175
"Cam Thomas",2TM,390,-3,4,-25,-13,-175
"Jay Huff",IND,530,-1,12,23,15,-116
"Bryce McGowens",NOP,300,-1,-139,-62,-13,-87
"Luke Kornet",SAS,360,0,-171,-28,-13,-25
"Drake Powell",BKN,100,-1,-198,-73,-13,-215
"Danny Wolf",BKN,430,0,-67,11,-13,-97
"Ben Saraf",BKN,80,-1,-209,-52,-13,-250
"Caleb Love",PHI,390,-2,-11,-21,-13,-162
"Jalen Smith",CHI,700,0,68,18,-13,30
"Jamir Watkins",WAS,520,1,-43,-37,1,3
"Dylan Cardwell",SAC,310,1,-299,52,-13,-29
"Gui Santos",GSW,650,0,34,14,-13,15
"Vince Williams Jr.",2TM,520,1,-54,3,-13,-17
"Ja'Kobe Walter",TOR,460,1,-139,-45,49,-10
"Patrick Williams",CHI,100,0,-200,-71,-13,-213
"Keon Ellis",BKN,210,0,-254,-43,15,-107
"Walter Clayton",MEM,220,-2,-162,-28,-13,-175
"Javon Small",MEM,710,0,22,39,49,-2
"Daniss Jenkins",DET,490,0,1,-2,-13,-100
"Marvin Bagley III",DEN,530,-1,-8,29,-13,-75
"Justin Champagnie",WAS,510,-1,-23,-17,-13,-36
"Will Richard",GSW,180,0,-283,-53,1,-87
"Ron Holland",DET,600,3,-28,-43,-13,85
"Jose Alvarado",NYK,620,1,21,15,-13,-6
"Kobe Sanders",LAC,570,1,-54,6,49,-29
"John Konchar",2TM,220,1,-313,-16,-13,-43
"Kyle Anderson",TOR,210,0,-221,-25,-13,-131
"Yves Missi",NOP,460,1,-96,1,-13,-29
"Jericho Sims",MIL,230,-2,-182,42,-13,-215
"Jaylin Williams",OKC,520,2,-167,19,-13,84
"Mitchell Robinson",BOS,720,2,-30,83,-13,83
"Ryan Nembhard",ATL,370,-1,-105,-6,-13,-107
"Andre Drummond",NYK,250,0,-287,66,-13,-116
"Ryan Dunn",PHX,340,1,-271,1,-13,24
"Micah Potter",POR,630,-1,29,24,49,-69
"Ousmane Dieng",MIL,250,-2,-119,-25,-13,-198
"Caris LeVert",MIL,350,0,-108,-24,-13,-107
"Sidy Cissoko",POR,120,0,-305,-27,-13,-132
"Taylor Hendricks",MEM,320,0,-91,-59,-13,-113
"Day'Ron Sharpe",BKN,870,1,119,106,-13,61
"Olivier-Maxence Prosper",MEM,650,-1,93,-32,-13,1
"Corey Kispert",ATL,490,-2,32,-24,-13,-107
"Pat Spencer",PHX,340,-2,-112,-8,-13,-132
"Baylor Scheierman",BOS,460,1,-216,10,49,17
"Mike Conley",BOS,230,0,-243,-10,-13,-100
"Quenton Jackson",IND,550,0,21,-4,-13,-59
"Jaxson Hayes",UTA,320,0,-157,-32,-13,-74
"Alex Caruso",OKC,800,3,34,4,-13,173
"Craig Porter Jr.",CLE,250,0,-274,-2,-13,-59
"Jordan Clarkson",NYK,450,-1,-31,-20,-13,-87
"Kasparas Jakučionis",MIL,440,0,-201,18,49,-23
"Jordan Walsh",BOS,370,1,-244,-41,-13,69
"Javonte Green",DET,520,2,-128,-48,-13,104
"Nicolas Batum",LAC,120,-1,-337,-48,49,-143
"Adem Bona",PHI,210,0,-217,-40,-13,-122
"Josh Okogie",UTA,340,1,-234,-36,-13,17
"Jarred Vanderbilt",LAL,130,0,-326,-2,-13,-131
"Jared McCain",OKC,530,-1,46,-51,49,-118
"Quinten Post",MEM,750,0,160,27,-13,-25
"Anthony Gill",WAS,200,-2,-176,-28,-13,-185
"T.J. McConnell",IND,790,0,138,66,-13,2
"Nikola Jović",MIA,470,1,-17,-21,-13,-84
"Sharife Cooper",WAS,310,-2,-91,-21,-13,-162
"Robert Williams",POR,810,2,31,102,-13,87
"Josh Minott",BKN,800,1,80,-45,49,115
"Tyrese Martin",PHI,320,-1,-123,-16,-13,-132
"Simone Fontecchio",MIA,740,0,61,24,49,1
"Rayan Rupert",PHI,40,-1,-218,-77,-13,-250
"Bones Hyland",MIN,820,0,131,37,49,-2
"Gabe Vincent",ATL,140,-1,-245,-71,-13,-132
"Isaiah Jackson",LAC,410,-1,-108,27,-13,-97
"Jevon Carter",ORL,190,-1,-227,-24,-13,-151
"Trendon Watford",NOP,180,-2,-155,-28,-13,-224
"Dru Smith",MIA,540,2,-106,-6,-13,63
"Luka Garza",BOS,680,-1,95,14,-13,-20
"Buddy Hield",ATL,600,-1,78,-6,-13,-60
"Jalen Pickett",LAC,220,-1,-248,-11,-13,-107
"Jalen Wilson",ATL,170,-2,-194,-30,-13,-198
"Jaden Hardy",LAL,610,-2,66,4,49,-107
"Kobe Brown",IND,290,-2,-134,-20,-13,-143
"Nae'Qwan Tomlin",CLE,380,0,-93,-54,-13,-65
"Pete Nance",MIL,310,-1,-252,9,49,-97
"Ochai Agbaji",2TM,230,0,-143,-64,-13,-152
"Josh Green",UTA,330,0,-202,-60,49,-59
"Leonard Miller",CHI,570,-1,22,-2,-13,-36
"Gary Payton II",GSW,710,1,41,8,-13,76
"Kenrich Williams",OKC,460,-1,-31,3,-13,-97
"Justin Edwards",PHI,360,-1,-96,-24,-13,-107
"Mouhamed Gueye",ATL,400,1,-179,-5,-13,-6
"Goga Bitadze",ORL,660,1,-33,91,-13,18
"Julian Strawther",DEN,410,-1,-43,-44,-13,-87
"Guerschon Yabusele",2TM,360,-1,-51,-44,-13,-132
"Micah Peavy",NOP,50,0,-317,-73,-13,-151
"Rob Dillingham",CHI,100,-1,-193,-44,-13,-252
"Caleb Martin",DAL,230,1,-245,-28,-13,-88
"Karlo Matković",NOP,530,0,-28,19,-13,-49
"Nick Richards",MIA,110,-3,-202,-17,-13,-259
"Hugo González",BOS,310,1,-272,-19,1,3
"Tyus Jones",DEN,30,-2,-307,-38,-13,-215
"Dwight Powell",DAL,400,0,-180,70,-13,-74
"Gradey Dick",TOR,350,0,-54,-54,-13,-132
"Jamaree Bouyea",PHX,570,1,1,25,1,-56
"Paul Reed",DET,1340,2,443,149,-13,164
"Gary Harris",DET,40,-1,-320,-37,-13,-193
"Tristan Vukcevic",WAS,810,-1,296,3,-13,-75
"Aaron Holiday",HOU,490,0,-55,4,49,-107
"Jordan Hawkins",NOP,60,-2,-193,-84,-13,-252
"Jonas Valančiūnas",DEN,1090,-1,428,142,-13,-66
"Drew Eubanks",SAC,180,-1,-154,-38,-13,-215
"Jaylen Clark",MIN,360,1,-140,-59,-13,-29
"Noah Penda",ORL,230,-1,-205,2,-13,-151
"Jett Howard",DAL,360,-2,-68,-51,-13,-107
"Tre Mann",WAS,170,-2,-135,-48,-13,-231
"Terrence Shannon Jr.",MIN,510,-1,55,-24,-13,-107
"Clint Capela",HOU,750,3,-21,75,-13,109
"Thomas Bryant",CLE,630,0,65,1,-13,-25
"Jamal Cain",ORL,430,0,-28,-58,-13,-72
"Rasheer Fleming",PHX,400,0,-54,-53,-13,-85
"Zeke Nnaji",DEN,310,1,-138,-57,-13,-84
"Tyrese Haliburton",IND,1220,0,310,101,49,155
"Kyrie Irving",DAL,1110,-1,279,31,49,154
"Damian Lillard",POR,1150,-1,330,60,49,106
"Fred VanVleet",HOU,660,1,-74,14,-13,132
