name,team,pos,defTier,offense,shaped,speed,power,total,defBoost,salary,epmOff,epmDef,epmBasis
"Giannis Antetokounmpo",MIA,PF,"Great defender","elite offense",,12,18,30,1,1770,5.30,1.38,"46g 2025 + 36g 2026"
"Victor Wembanyama",SAS,C,"Elite defender","elite offense",,11,19,30,5,1650,4.30,4.45,"82g 2026"
"Shai Gilgeous-Alexander",OKC,PG,"Elite defender","elite offense",,18,12,30,2,1620,7.33,2.01,"82g 2026"
"Chet Holmgren",OKC,PF,"Elite defender","very good offense",,11,17,28,3,1110,2.20,3.76,"82g 2026"
"Karl-Anthony Towns",NYK,C,"Good defender","very good offense",,10,17,27,2,1290,2.58,0.87,"82g 2026"
"Jayson Tatum",BOS,PF,"Good defender","very good offense",,12,14,26,1,1190,3.11,0.80,"60g 2025 + 22g 2026"
"Bam Adebayo",MIA,C,"Great defender","very good offense",,10,16,26,2,1160,1.52,1.82,"9g 2025 + 73g 2026"
"Derrick White",BOS,SG,"Elite defender","very good offense",,16,10,26,2,940,1.81,2.58,"82g 2026"
"Franz Wagner",ORL,SF,"Good defender","very good offense",,12,13,25,1,1250,2.09,1.10,"44g 2025 + 38g 2026"
"Nikola Jokić",DEN,C,"Average defender","elite offense",YES,5,20,25,1,1210,7.50,0.64,"11g 2025 + 71g 2026"
"Jalen Williams",OKC,SG,"Great defender","above average offense",,13,12,25,1,1190,1.18,1.86,"44g 2025 + 38g 2026"
"Brandon Miller",CHA,SF,"Good defender","very good offense",,13,12,25,1,1150,2.17,0.84,"17g 2025 + 65g 2026"
"Anthony Davis",WAS,PF,"Great defender","very good offense",,9,16,25,2,1140,1.58,1.66,"51g 2025 + 20g 2026"
"OG Anunoby",NYK,PF,"Great defender","above average offense",,11,14,25,1,1070,1.39,1.42,"82g 2026"
"Neemias Queta",BOS,C,"Elite defender","above average offense",,9,16,25,2,890,1.16,2.29,"82g 2026"
"Isaiah Hartenstein",OKC,C,"Elite defender","above average offense",,9,16,25,3,860,0.59,2.93,"20g 2025 + 62g 2026"
"Fred VanVleet",HOU,PG,"Great defender","above average offense",,16,9,25,1,820,1.07,1.76,"carried 2025"
"Ausar Thompson",DET,SF,"Elite defender","",,13,12,25,4,760,-0.84,4.17,"82g 2026"
"Stephon Castle",SAS,PG,"Great defender","above average offense",,14,10,24,1,1070,1.18,1.63,"82g 2026"
"Paul Reed",DET,C,"Elite defender","above average offense",,10,14,24,2,1060,0.90,2.35,"9g 2025 + 73g 2026"
"Ajay Mitchell",OKC,SG,"Great defender","above average offense",,14,10,24,2,1000,-0.23,1.82,"14g 2025 + 68g 2026"
"Scottie Barnes",TOR,PF,"Great defender","above average offense",,10,14,24,2,910,0.84,1.88,"82g 2026"
"Amen Thompson",HOU,PG,"Great defender","above average offense",,14,10,24,1,900,1.29,1.42,"82g 2026"
"Jarrett Allen",CLE,C,"Great defender","very good offense",,9,15,24,1,900,1.61,1.46,"8g 2025 + 74g 2026"
"Dyson Daniels",ATL,SG,"Elite defender","above average offense",,14,10,24,3,810,0.18,2.68,"82g 2026"
"Luka Dončić",LAL,PG,"Average defender","elite offense",YES,17,6,23,0,1380,6.09,0.44,"18g 2025 + 64g 2026"
"Ja Morant",POR,PG,"Average defender","very good offense",YES,15,8,23,1,1310,1.56,0.53,"53g 2025 + 20g 2026"
"Stephen Curry",GSW,PG,"Average defender","elite offense",YES,18,5,23,-1,1290,5.63,-0.70,"39g 2025 + 43g 2026"
"Jalen Suggs",ORL,PG,"Elite defender","above average offense",,14,9,23,2,1060,0.26,2.07,"18g 2025 + 64g 2026"
"Evan Mobley",CLE,PF,"Good defender","above average offense",,9,14,23,1,910,1.16,0.95,"82g 2026"
"Jrue Holiday",POR,PG,"Good defender","above average offense",,14,9,23,1,870,0.94,0.94,"24g 2025 + 58g 2026"
"Donte DiVincenzo",MIN,SG,"Good defender","above average offense",,14,9,23,1,830,0.98,0.75,"82g 2026"
"Mikal Bridges",NYK,SF,"Good defender","above average offense",,12,11,23,1,810,0.87,0.90,"82g 2026"
"Moses Moody",GSW,SG,"Great defender","above average offense",,12,11,23,2,800,0.26,1.51,"22g 2025 + 60g 2026"
"Devin Vassell",SAS,SG,"Average defender","above average offense",YES,14,9,23,1,720,1.40,0.31,"82g 2026"
"Cason Wallace",OKC,SG,"Elite defender","",,14,9,23,3,490,-1.29,3.06,"82g 2026"
"Kawhi Leonard",LAC,SF,"Average defender","elite offense",YES,15,7,22,0,1340,5.48,0.60,"17g 2025 + 65g 2026"
"Paul George",BOS,PF,"Great defender","above average offense",,10,12,22,1,1080,0.38,1.29,"34g 2025 + 48g 2026"
"LaMelo Ball",MIN,PG,"Average defender","elite offense",YES,17,5,22,0,1080,4.72,-0.44,"10g 2025 + 72g 2026"
"Tyrese Haliburton",IND,PG,"Average defender","elite offense",YES,17,5,22,0,960,4.88,-0.72,"carried 2025"
"Sandro Mamukelashvili",LAL,C,"Good defender","above average offense",,9,13,22,1,700,1.14,0.78,"82g 2026"
"Alex Caruso",OKC,SG,"Elite defender","",,12,10,22,3,700,-1.85,3.19,"12g 2025 + 70g 2026"
"Rudy Gobert",MIN,C,"Elite defender","",,8,14,22,3,640,-0.90,2.87,"82g 2026"
"Moussa Diabaté",CHA,C,"Average defender","above average offense",YES,9,13,22,1,610,0.53,0.69,"9g 2025 + 73g 2026"
"Kyrie Irving",DAL,SG,"Average defender","very good offense",YES,16,5,21,-1,1060,3.21,0.19,"carried 2025"
"Jaren Jackson Jr.",UTA,C,"Great defender","above average offense",,8,13,21,2,1050,0.68,1.55,"34g 2025 + 48g 2026"
"Dylan Harper",SAS,SG,"Average defender","above average offense",YES,12,9,21,1,850,-0.05,0.69,"82g 2026"
"Josh Minott",BKN,PF,"Good defender","above average offense",,10,11,21,1,830,-0.67,0.78,"34g 2025 + 48g 2026"
"Day'Ron Sharpe",BKN,C,"Good defender","above average offense",,8,13,21,1,820,-0.18,1.11,"20g 2025 + 62g 2026"
"Josh Hart",NYK,SF,"Average defender","above average offense",YES,12,9,21,1,740,0.24,0.44,"82g 2026"
"Clint Capela",HOU,C,"Elite defender","",,8,13,21,3,730,-1.74,3.25,"3g 2025 + 79g 2026"
"Jordan Goodwin",PHX,PG,"Great defender","above average offense",,13,8,21,2,670,-0.55,1.45,"11g 2025 + 71g 2026"
"Wendell Carter Jr.",ORL,C,"Good defender","above average offense",,7,14,21,1,650,-0.19,1.24,"82g 2026"
"Derrick Jones Jr.",LAC,SF,"Good defender","above average offense",,11,10,21,1,650,-0.37,1.10,"32g 2025 + 50g 2026"
"Robert Williams",POR,C,"Elite defender","",,8,13,21,2,640,-0.97,1.93,"18g 2025 + 64g 2026"
"Marcus Smart",HOU,SG,"Elite defender","",,13,8,21,2,590,-1.00,2.01,"10g 2025 + 72g 2026"
"Joel Embiid",PHI,C,"Average defender","very good offense",YES,4,16,20,0,1170,3.06,0.69,"19g 2025 + 45g 2026"
"Donovan Mitchell",CLE,SG,"Average defender","elite offense",YES,15,5,20,0,1150,5.21,-0.17,"82g 2026"
"Ty Jerome",MEM,SG,"Average defender","elite offense",YES,15,5,20,0,1060,3.71,0.19,"67g 2025 + 15g 2026"
"Damian Lillard",POR,PG,"Average defender","elite offense",YES,16,4,20,-1,1040,3.79,-0.63,"carried 2025"
"Kevin Durant",HOU,SF,"Average defender","very good offense",YES,6,14,20,1,1010,3.40,0.65,"3g 2025 + 79g 2026"
"Cade Cunningham",DET,PG,"Good defender","elite offense",,15,5,20,1,1010,3.63,0.82,"4g 2025 + 78g 2026"
"Jamal Murray",DEN,PG,"Awful defender","elite offense",YES,15,5,20,-2,980,5.08,-1.70,"1g 2025 + 81g 2026"
"Jalen Brunson",NYK,PG,"Bad defender","elite offense",YES,16,4,20,-1,950,3.98,-1.31,"82g 2026"
"Lauri Markkanen",UTA,PF,"Average defender","very good offense",YES,5,15,20,0,880,2.54,-0.00,"40g 2025 + 42g 2026"
"Jalen Duren",DET,C,"Good defender","elite offense",,4,16,20,1,860,3.43,1.12,"82g 2026"
"Tyrese Maxey",PHI,PG,"Average defender","very good offense",YES,16,4,20,0,840,3.17,0.41,"1g 2025 + 81g 2026"
"Jaden McDaniels",MIN,PF,"Great defender","above average offense",,10,10,20,1,750,-0.41,1.36,"82g 2026"
"Toumani Camara",POR,PF,"Good defender","above average offense",,9,11,20,1,670,-0.22,0.92,"82g 2026"
"Brook Lopez",LAC,C,"Great defender","",,7,13,20,2,670,-1.06,1.89,"7g 2025 + 75g 2026"
"Jaylin Williams",OKC,PF,"Elite defender","",,8,12,20,2,660,-0.94,2.09,"2g 2025 + 80g 2026"
"Mitchell Robinson",BOS,C,"Elite defender","above average offense",,8,12,20,2,650,-0.59,1.97,"4g 2025 + 78g 2026"
"Donovan Clingan",POR,C,"Good defender","very good offense",,4,16,20,1,630,1.89,0.72,"82g 2026"
"Gary Payton II",GSW,SG,"Good defender","above average offense",,12,8,20,1,630,-0.15,1.07,"9g 2025 + 73g 2026"
"Javonte Green",DET,SG,"Elite defender","",,12,8,20,2,620,-0.81,1.96,"82g 2026"
"Anthony Edwards",MIN,SG,"Average defender","elite offense",YES,14,5,19,-1,1060,3.54,-0.43,"11g 2025 + 71g 2026"
"Devin Booker",PHX,SG,"Average defender","very good offense",YES,14,5,19,0,1010,2.93,-0.52,"14g 2025 + 68g 2026"
"James Harden",CLE,PG,"Slightly negative defender","elite offense",YES,14,5,19,-1,960,3.86,-1.09,"82g 2026"
"Dejounte Murray",NOP,PG,"Average defender","above average offense",YES,12,7,19,1,950,-0.43,0.53,"31g 2025 + 14g 2026"
"Tyler Herro",MIL,SG,"Average defender","very good offense",YES,14,5,19,-1,940,3.01,-0.82,"49g 2025 + 33g 2026"
"Austin Reaves",LAL,SG,"Average defender","very good offense",YES,14,5,19,0,850,2.85,0.10,"25g 2025 + 57g 2026"
"De'Aaron Fox",SAS,PG,"Average defender","very good offense",YES,15,4,19,0,850,2.39,0.53,"82g 2026"
"Trae Young",WAS,PG,"Awful defender","very good offense",YES,15,4,19,-2,850,3.36,-1.83,"67g 2025 + 15g 2026"
"Domantas Sabonis",SAC,C,"Average defender","very good offense",YES,4,15,19,0,810,1.79,0.22,"63g 2025 + 19g 2026"
"Ivica Zubac",IND,C,"Good defender","above average offense",,7,12,19,0,790,0.80,0.92,"34g 2025 + 48g 2026"
"Peyton Watson",CLE,SF,"Average defender","",,10,9,19,0,720,-0.74,0.07,"28g 2025 + 54g 2026"
"Tari Eason",HOU,PF,"Good defender","",,9,10,19,1,670,-0.88,1.25,"16g 2025 + 66g 2026"
"Immanuel Quickley",TOR,PG,"Average defender","very good offense",YES,15,4,19,0,650,2.23,0.00,"12g 2025 + 70g 2026"
"Payton Pritchard",BOS,PG,"Slightly negative defender","very good offense",YES,15,4,19,-1,640,2.72,-0.98,"82g 2026"
"Collin Murray-Boyles",TOR,PF,"Great defender","",,8,11,19,1,620,-0.81,1.53,"64g 2026"
"Collin Gillespie",PHX,PG,"Average defender","very good offense",YES,15,4,19,0,560,1.87,0.49,"82g 2026"
"Goga Bitadze",ORL,C,"Good defender","above average offense",,7,12,19,1,560,0.01,1.14,"12g 2025 + 70g 2026"
"Jordan Walsh",BOS,PF,"Good defender","",,9,10,19,1,270,-1.04,0.96,"10g 2025 + 72g 2026"
"Kon Knueppel",CHA,SF,"Average defender","very good offense",YES,13,5,18,0,940,2.86,-0.24,"81g 2026"
"Darius Garland",LAC,PG,"Average defender","very good offense",YES,14,4,18,-1,940,3.11,-0.71,"37g 2025 + 45g 2026"
"Desmond Bane",ORL,SG,"Average defender","very good offense",YES,13,5,18,0,890,1.84,-0.05,"82g 2026"
"Jimmy Butler",GSW,SF,"Average defender","very good offense",YES,5,13,18,0,840,3.41,0.55,"44g 2025 + 38g 2026"
"Nickeil Alexander-Walker",ATL,SG,"Average defender","very good offense",YES,14,4,18,0,820,2.07,0.19,"82g 2026"
"Jusuf Nurkić",UTA,C,"Good defender","",,6,12,18,1,800,-1.53,0.95,"41g 2025 + 41g 2026"
"Precious Achiuwa",SAC,C,"Average defender","",,8,10,18,0,780,-0.87,0.35,"9g 2025 + 73g 2026"
"Olivier-Maxence Prosper",MEM,PF,"Average defender","",,8,10,18,-1,730,-1.04,-0.02,"35g 2025 + 47g 2026"
"De'Anthony Melton",GSW,PG,"Good defender","",,11,7,18,1,700,-0.86,0.90,"6g 2025 + 49g 2026"
"Anthony Black",ORL,PG,"Average defender","",,11,7,18,1,690,-0.98,0.53,"11g 2025 + 71g 2026"
"Isaiah Stewart",MEM,C,"Good defender","",,7,11,18,1,620,-0.96,0.81,"10g 2025 + 72g 2026"
"Jose Alvarado",NYK,PG,"Average defender","",,12,6,18,1,600,-0.80,0.63,"82g 2026"
"Keegan Murray",SAC,PF,"Average defender","",,8,10,18,1,580,-1.07,0.64,"59g 2025 + 23g 2026"
"Dru Smith",MIA,SG,"Elite defender","",,11,7,18,2,580,-2.12,2.00,"12g 2025 + 70g 2026"
"Dean Wade",PHI,PF,"Good defender","",,8,10,18,1,420,-0.95,0.91,"6g 2025 + 76g 2026"
"Oso Ighodaro",PHX,PF,"Great defender","",,7,11,18,1,400,-1.47,1.69,"82g 2026"
"Kris Dunn",LAC,PG,"Great defender","",,11,7,18,1,370,-1.41,1.34,"82g 2026"
"Jaylen Brown",PHI,SF,"Average defender","very good offense",YES,12,5,17,0,1150,2.26,-0.11,"4g 2025 + 78g 2026"
"Deni Avdija",POR,SF,"Slightly negative defender","very good offense",YES,12,5,17,-1,1040,2.77,-0.89,"12g 2025 + 70g 2026"
"Zion Williamson",NOP,PF,"Average defender","very good offense",YES,4,13,17,0,1000,1.92,-0.11,"20g 2025 + 62g 2026"
"Trey Murphy III",NOP,SF,"Average defender","very good offense",YES,12,5,17,-1,900,2.20,-0.70,"16g 2025 + 66g 2026"
"Coby White",CHA,SG,"Bad defender","very good offense",YES,13,4,17,-1,900,1.76,-1.19,"32g 2025 + 50g 2026"
"Jalen Johnson",ATL,SF,"Average defender","above average offense",YES,5,12,17,0,870,1.36,0.14,"4g 2025 + 78g 2026"
"Michael Porter Jr.",BKN,SF,"Bad defender","very good offense",YES,12,5,17,-1,870,2.99,-1.32,"30g 2025 + 52g 2026"
"Pascal Siakam",IND,PF,"Average defender","very good offense",YES,4,13,17,0,860,1.61,0.23,"20g 2025 + 62g 2026"
"Norman Powell",CHI,SG,"Average defender","very good offense",YES,13,4,17,0,860,1.92,-0.28,"24g 2025 + 58g 2026"
"RJ Barrett",TOR,SF,"Average defender","very good offense",YES,12,5,17,-1,830,1.87,-0.56,"18g 2025 + 64g 2026"
"CJ McCollum",ATL,PG,"Average defender","very good offense",YES,13,4,17,0,820,1.48,-0.15,"82g 2026"
"Aaron Gordon",DEN,PF,"Average defender","very good offense",YES,4,13,17,0,810,2.09,-0.50,"43g 2025 + 39g 2026"
"Jalen Smith",CHI,C,"Average defender","above average offense",YES,4,13,17,0,790,1.16,0.05,"29g 2025 + 53g 2026"
"Ryan Rollins",MIL,PG,"Average defender","above average offense",YES,13,4,17,0,720,0.63,0.30,"8g 2025 + 74g 2026"
"Bilal Coulibaly",WAS,SG,"Average defender","",,10,7,17,1,670,-1.68,0.44,"26g 2025 + 56g 2026"
"Grayson Allen",CHA,SG,"Average defender","above average offense",YES,13,4,17,0,650,1.27,-0.58,"29g 2025 + 53g 2026"
"Ron Holland",DET,SF,"Elite defender","",,8,9,17,3,610,-3.01,2.61,"82g 2026"
"Nic Claxton",CHI,C,"Average defender","",,7,10,17,0,600,-0.79,-0.27,"13g 2025 + 69g 2026"
"Kyshawn George",WAS,SF,"Average defender","",,8,9,17,0,570,-1.20,0.00,"34g 2025 + 48g 2026"
"Micah Potter",POR,C,"Slightly negative defender","",,6,11,17,-1,560,-0.99,-1.14,"36g 2025 + 46g 2026"
"Ryan Dunn",PHX,SF,"Good defender","",,8,9,17,1,540,-1.85,1.12,"11g 2025 + 71g 2026"
"Zach Edey",MEM,C,"Average defender","above average offense",YES,3,14,17,0,520,0.80,0.28,"70g 2025 + 11g 2026"
"Miles McBride",NYK,SG,"Good defender","above average offense",,13,4,17,0,470,0.87,0.84,"22g 2025 + 60g 2026"
"Duncan Robinson",DET,SG,"Average defender","very good offense",YES,12,5,17,-1,450,2.09,-0.30,"82g 2026"
"Ja'Kobe Walter",TOR,SG,"Good defender","",,11,6,17,1,440,-0.99,0.79,"3g 2025 + 79g 2026"
"Baylor Scheierman",BOS,SG,"Average defender","",,10,7,17,1,410,-0.89,0.59,"82g 2026"
"Jamal Shead",TOR,PG,"Average defender","",,11,6,17,1,350,-1.25,0.70,"82g 2026"
"Herbert Jones",NOP,SF,"Good defender","",,10,7,17,1,320,-1.73,0.96,"20g 2025 + 56g 2026"
"Josh Okogie",UTA,SG,"Great defender","",,10,7,17,1,220,-1.57,1.25,"82g 2026"
"LeBron James",PHI,SF,"Average defender","very good offense",YES,11,5,16,0,870,1.55,0.01,"12g 2025 + 70g 2026"
"Paolo Banchero",ORL,PF,"Average defender","above average offense",YES,4,12,16,0,850,0.51,-0.17,"3g 2025 + 79g 2026"
"Keyonte George",UTA,PG,"Awful defender","very good offense",YES,13,3,16,-2,820,1.79,-2.54,"28g 2025 + 54g 2026"
"Cedric Coward",MEM,SG,"Average defender","above average offense",YES,12,4,16,0,790,0.66,0.08,"62g 2026"
"Kel'el Ware",MIL,C,"Average defender","above average offense",YES,3,13,16,0,780,0.48,0.10,"5g 2025 + 77g 2026"
"Julius Randle",BKN,PF,"Average defender","very good offense",YES,4,12,16,0,770,1.86,-0.09,"82g 2026"
"T.J. McConnell",IND,PG,"Average defender","above average offense",YES,13,3,16,0,740,0.32,0.09,"26g 2025 + 56g 2026"
"Alperen Şengün",HOU,C,"Average defender","very good offense",YES,4,12,16,-1,730,1.51,-0.72,"5g 2025 + 77g 2026"
"Quenton Jackson",IND,PG,"Average defender","above average offense",YES,10,6,16,0,680,-0.73,-0.22,"24g 2025 + 47g 2026"
"Dillon Brooks",PHX,SF,"Average defender","above average offense",YES,5,11,16,0,670,0.26,0.54,"22g 2025 + 60g 2026"
"P.J. Washington",DAL,PF,"Average defender","",,7,9,16,1,600,-1.47,0.69,"26g 2025 + 56g 2026"
"Kyle Kuzma",MIL,PF,"Average defender","",,8,8,16,0,600,-1.29,-0.31,"13g 2025 + 69g 2026"
"Onyeka Okongwu",ATL,C,"Average defender","above average offense",YES,4,12,16,0,590,0.05,0.49,"2g 2025 + 80g 2026"
"Isaiah Joe",DET,SG,"Average defender","very good offense",YES,13,3,16,0,580,1.65,-0.31,"82g 2026"
"Karlo Matković",NOP,PF,"Average defender","",,7,9,16,0,570,-1.06,-0.41,"21g 2025 + 61g 2026"
"Jaxson Hayes",UTA,C,"Average defender","above average offense",YES,6,10,16,0,550,-0.51,-0.36,"6g 2025 + 76g 2026"
"Kelly Oubre Jr.",IND,SF,"Average defender","",,8,8,16,0,540,-0.78,0.14,"21g 2025 + 61g 2026"
"Max Christie",DAL,SG,"Average defender","",,10,6,16,0,540,-0.80,-0.44,"5g 2025 + 77g 2026"
"Dominick Barlow",PHI,PF,"Good defender","",,7,9,16,1,530,-1.50,0.73,"2g 2025 + 80g 2026"
"Ziaire Williams",LAL,SF,"Average defender","",,9,7,16,1,530,-1.64,0.60,"26g 2025 + 56g 2026"
"Jamir Watkins",WAS,SG,"Good defender","",,9,7,16,1,530,-1.89,0.89,"47g 2026"
"Quentin Grimes",LAL,SG,"Average defender","",,9,7,16,0,510,-0.97,0.06,"82g 2026"
"Julian Champagnie",SAS,SF,"Average defender","above average offense",YES,11,5,16,0,500,1.23,0.29,"82g 2026"
"Yves Missi",NOP,C,"Average defender","",,6,10,16,1,490,-1.78,0.16,"16g 2025 + 66g 2026"
"Jabari Smith Jr.",HOU,PF,"Average defender","above average offense",YES,4,12,16,0,480,0.42,0.11,"82g 2026"
"VJ Edgecombe",PHI,SG,"Average defender","above average offense",YES,13,3,16,0,480,0.23,0.12,"82g 2026"
"Vince Williams Jr.",2TM,SG,"Average defender","",,10,6,16,1,480,-1.94,0.30,"29g 2025 + 40g 2026"
"Jakob Poeltl",TOR,C,"Average defender","above average offense",YES,3,13,16,0,470,0.50,0.66,"29g 2025 + 53g 2026"
"Ryan Kalkbrenner",CHA,C,"Average defender","",,6,10,16,0,440,-1.46,0.36,"69g 2026"
"Davion Mitchell",MIA,PG,"Average defender","above average offense",YES,12,4,16,0,420,0.19,0.38,"12g 2025 + 70g 2026"
"Tristan Da Silva",ORL,SF,"Average defender","",,8,8,16,0,410,-0.95,-0.07,"82g 2026"
"Josh Green",UTA,SG,"Average defender","",,10,6,16,0,400,-1.64,0.44,"24g 2025 + 58g 2026"
"Dylan Cardwell",SAC,C,"Good defender","",,6,10,16,1,380,-2.08,1.10,"44g 2026"
"Hugo González",BOS,SF,"Great defender","",,9,7,16,1,310,-2.23,1.45,"73g 2026"
"Luguentz Dort",ATL,SF,"Good defender","",,8,8,16,0,270,-1.46,0.70,"82g 2026"
"Mouhamed Gueye",ATL,PF,"Good defender","",,7,9,16,1,240,-1.87,1.22,"81g 2026"
"Craig Porter Jr.",CLE,PG,"Average defender","",,10,6,16,0,210,-1.47,0.08,"13g 2025 + 69g 2026"
"Dwight Powell",DAL,C,"Average defender","",,6,10,16,0,190,-1.51,-0.03,"24g 2025 + 58g 2026"
"Jonas Valančiūnas",DEN,C,"Slightly negative defender","above average offense",YES,3,12,15,-1,950,0.92,-1.06,"14g 2025 + 68g 2026"
"Bennedict Mathurin",LAC,SF,"Average defender","",,8,7,15,-1,830,-0.77,-0.79,"28g 2025 + 54g 2026"
"Josh Giddey",CHI,PG,"Average defender","above average offense",YES,11,4,15,-1,800,1.06,-0.80,"28g 2025 + 54g 2026"
"GG Jackson II",MEM,PF,"Slightly negative defender","",,7,8,15,-1,740,-1.23,-1.13,"28g 2025 + 51g 2026"
"Nikola Vučević",ORL,C,"Average defender","above average offense",YES,3,12,15,0,730,0.99,-0.37,"13g 2025 + 69g 2026"
"Jaime Jaquez Jr.",MIL,SF,"Average defender","",,7,8,15,-1,730,-0.85,-0.61,"7g 2025 + 75g 2026"
"Zach LaVine",SAC,SG,"Awful defender","very good offense",YES,11,4,15,-2,720,1.55,-1.64,"43g 2025 + 39g 2026"
"Miles Bridges",PHX,PF,"Average defender","above average offense",YES,4,11,15,-1,720,1.31,-0.56,"5g 2025 + 77g 2026"
"Bones Hyland",MIN,PG,"Average defender","above average offense",YES,12,3,15,0,660,0.78,0.03,"3g 2025 + 79g 2026"
"Brandin Podziemski",GSW,SG,"Average defender","above average offense",YES,11,4,15,1,650,-0.57,0.61,"82g 2026"
"Tre Jones",CHI,PG,"Average defender","above average offense",YES,12,3,15,-1,650,0.65,-0.43,"17g 2025 + 65g 2026"
"Jalen Green",PHX,SG,"Average defender","above average offense",YES,12,3,15,-1,650,0.48,-0.33,"46g 2025 + 36g 2026"
"Luka Garza",BOS,C,"Bad defender","very good offense",YES,3,12,15,-1,650,2.01,-1.34,"8g 2025 + 74g 2026"
"Cam Spencer",MEM,SG,"Bad defender","very good offense",YES,12,3,15,-1,620,1.77,-1.40,"10g 2025 + 72g 2026"
"Cameron Johnson",DEN,SF,"Average defender","very good offense",YES,10,5,15,0,610,1.55,-0.23,"22g 2025 + 60g 2026"
"Saddiq Bey",NOP,SF,"Slightly negative defender","very good offense",YES,10,5,15,-1,590,1.50,-0.94,"72g 2026"
"Daniss Jenkins",DET,PG,"Average defender","",,10,5,15,0,580,-1.00,0.08,"82g 2026"
"Reed Sheppard",HOU,SG,"Average defender","above average offense",YES,12,3,15,0,570,0.46,0.07,"82g 2026"
"Tobias Harris",SAS,PF,"Average defender","above average offense",YES,4,11,15,0,560,0.44,0.60,"5g 2025 + 77g 2026"
"Mark Williams",PHX,C,"Average defender","above average offense",YES,3,12,15,0,560,0.39,-0.45,"22g 2025 + 60g 2026"
"Jay Huff",IND,C,"Average defender","",,5,10,15,-1,560,-0.90,-0.73,"82g 2026"
"Andrew Nembhard",IND,PG,"Average defender","above average offense",YES,12,3,15,-1,550,0.42,-0.29,"25g 2025 + 57g 2026"
"Nae'Qwan Tomlin",CLE,PF,"Average defender","",,7,8,15,0,540,-1.58,0.32,"5g 2025 + 68g 2026"
"Andre Drummond",NYK,C,"Average defender","",,5,10,15,0,520,-1.46,0.27,"8g 2025 + 74g 2026"
"Javon Small",MEM,PG,"Average defender","above average offense",YES,12,3,15,0,510,0.72,-0.44,"39g 2026"
"Royce O'Neale",CHA,SF,"Average defender","",,8,7,15,-1,470,-0.86,-0.65,"82g 2026"
"Kobe Sanders",LAC,SG,"Average defender","",,9,6,15,1,460,-1.87,0.56,"67g 2026"
"Jamaree Bouyea",PHX,PG,"Good defender","",,10,5,15,1,450,-2.32,0.82,"4g 2025 + 45g 2026"
"Sam Merrill",CLE,SG,"Average defender","very good offense",YES,11,4,15,-1,440,1.82,-0.45,"13g 2025 + 69g 2026"
"Sam Hauser",BOS,PF,"Average defender","above average offense",YES,4,11,15,0,410,1.07,-0.01,"82g 2026"
"Aaron Wiggins",ATL,SG,"Average defender","",,8,7,15,1,400,-1.65,0.68,"8g 2025 + 74g 2026"
"Draymond Green",GSW,PF,"Good defender","",,7,8,15,0,390,-1.86,0.76,"14g 2025 + 68g 2026"
"Rasheer Fleming",PHX,PF,"Average defender","",,6,9,15,0,390,-1.78,0.44,"54g 2026"
"Jake LaRavia",LAL,PF,"Average defender","",,7,8,15,0,310,-1.10,-0.05,"82g 2026"
"Kris Murray",MEM,SF,"Good defender","",,8,7,15,1,270,-2.72,1.02,"22g 2025 + 60g 2026"
"Sion James",CHA,SG,"Average defender","",,9,6,15,1,270,-2.22,0.61,"82g 2026"
"Jaylen Clark",MIN,SG,"Good defender","",,9,6,15,1,260,-2.23,1.14,"9g 2025 + 73g 2026"
"Jamal Cain",ORL,SF,"Average defender","",,9,6,15,0,260,-1.09,-0.84,"36g 2025 + 44g 2026"
"Mike Conley",BOS,PG,"Average defender","",,10,5,15,0,230,-1.05,-0.18,"17g 2025 + 65g 2026"
"Collin Sexton",LAL,SG,"Average defender","above average offense",YES,11,3,14,0,870,0.48,-0.57,"14g 2025 + 68g 2026"
"Jaden Hardy",LAL,SG,"Bad defender","",,9,5,14,-2,780,-0.98,-1.37,"26g 2025 + 56g 2026"
"Cooper Flagg",DAL,SF,"Average defender","above average offense",YES,4,10,14,0,700,0.02,-0.09,"70g 2026"
"Anfernee Simons",PHI,SG,"Bad defender","above average offense",YES,11,3,14,-1,680,1.05,-1.29,"27g 2025 + 55g 2026"
"Thomas Bryant",CLE,C,"Average defender","above average offense",YES,3,11,14,0,630,0.05,-0.35,"17g 2025 + 65g 2026"
"Simone Fontecchio",MIA,SF,"Average defender","above average offense",YES,4,10,14,0,620,0.26,-0.51,"14g 2025 + 68g 2026"
"Ayo Dosunmu",MIN,SG,"Average defender","above average offense",YES,11,3,14,0,610,0.16,-0.19,"3g 2025 + 79g 2026"
"Jock Landale",ATL,C,"Bad defender","above average offense",YES,3,11,14,-1,590,0.64,-1.45,"14g 2025 + 68g 2026"
"Naz Reid",CHA,C,"Good defender","",,3,11,14,1,580,-0.86,0.86,"82g 2026"
"Andrew Wiggins",MIA,SF,"Average defender","above average offense",YES,10,4,14,0,570,0.22,0.18,"14g 2025 + 68g 2026"
"Santi Aldama",DAL,PF,"Average defender","above average offense",YES,4,10,14,0,570,0.48,-0.02,"39g 2025 + 43g 2026"
"Jordan Miller",LAC,SF,"Bad defender","",,8,6,14,-1,560,-1.36,-1.21,"23g 2025 + 59g 2026"
"Jordan Clarkson",NYK,SG,"Average defender","",,8,6,14,-1,560,-0.95,-0.77,"82g 2026"
"Matas Buzelis",CHI,PF,"Average defender","above average offense",YES,4,10,14,0,540,-0.24,-0.11,"5g 2025 + 77g 2026"
"Jaylon Tyson",CLE,SG,"Average defender","above average offense",YES,10,4,14,0,530,0.56,0.19,"82g 2026"
"Danny Wolf",BKN,PF,"Average defender","",,6,8,14,0,520,-2.05,0.01,"56g 2026"
"Bryce McGowens",NOP,SG,"Slightly negative defender","",,8,6,14,-1,490,-1.37,-1.10,"9g 2025 + 42g 2026"
"Quinten Post",MEM,PF,"Average defender","above average offense",YES,3,11,14,0,490,-0.03,0.05,"15g 2025 + 67g 2026"
"Myles Turner",MIL,C,"Average defender","above average offense",YES,3,11,14,0,480,-0.65,0.07,"11g 2025 + 71g 2026"
"Zaccharie Risacher",DAL,SF,"Average defender","",,7,7,14,-1,470,-1.24,-0.85,"12g 2025 + 70g 2026"
"Svi Mykhailiuk",UTA,SF,"Slightly negative defender","above average offense",YES,10,4,14,-1,460,-0.11,-0.96,"32g 2025 + 50g 2026"
"Kevin Huerter",DET,SF,"Average defender","above average offense",YES,10,4,14,0,460,-0.52,0.19,"8g 2025 + 74g 2026"
"Noah Clowney",BKN,PF,"Slightly negative defender","",,6,8,14,-1,450,-0.91,-1.09,"16g 2025 + 66g 2026"
"Julian Strawther",DEN,SG,"Bad defender","",,8,6,14,-1,440,-1.28,-1.15,"25g 2025 + 57g 2026"
"Pelle Larsson",MIA,SG,"Average defender","above average offense",YES,10,4,14,0,420,-0.35,0.21,"12g 2025 + 70g 2026"
"Vít Krejčí",POR,PG,"Average defender","",,8,6,14,-1,420,-1.16,-0.54,"16g 2025 + 66g 2026"
"Isaiah Jackson",LAC,C,"Average defender","",,6,8,14,-1,420,-1.20,-0.66,"5g 2025 + 55g 2026"
"Deandre Ayton",WAS,C,"Average defender","above average offense",YES,3,11,14,0,400,-0.26,-0.32,"82g 2026"
"Aaron Holiday",HOU,PG,"Average defender","",,9,5,14,0,400,-1.03,-0.16,"21g 2025 + 61g 2026"
"Christian Braun",DEN,SG,"Average defender","above average offense",YES,10,4,14,0,370,0.52,0.25,"32g 2025 + 50g 2026"
"Terance Mann",BKN,SG,"Average defender","",,8,6,14,-1,350,-1.23,-0.68,"19g 2025 + 63g 2026"
"Ryan Nembhard",ATL,PG,"Slightly negative defender","",,9,5,14,-1,350,-1.01,-0.91,"60g 2026"
"Jalen Pickett",LAC,SG,"Average defender","",,9,5,14,-1,350,-1.30,-0.27,"37g 2025 + 45g 2026"
"Pete Nance",MIL,PF,"Slightly negative defender","",,6,8,14,-1,350,-1.05,-0.92,"10g 2025 + 44g 2026"
"Kenrich Williams",OKC,PF,"Average defender","",,6,8,14,-1,350,-0.87,-0.49,"20g 2025 + 62g 2026"
"Luke Kornet",SAS,C,"Average defender","above average offense",YES,3,11,14,0,320,0.22,0.08,"82g 2026"
"Will Richard",GSW,SG,"Average defender","",,8,6,14,0,320,-1.71,-0.02,"69g 2026"
"Adem Bona",PHI,C,"Average defender","",,5,9,14,0,300,-2.20,0.30,"4g 2025 + 78g 2026"
"Keon Ellis",BKN,SG,"Average defender","",,9,5,14,0,280,-2.43,0.50,"82g 2026"
"John Konchar",2TM,SG,"Good defender","",,8,6,14,1,220,-2.55,1.04,"26g 2025 + 56g 2026"
"Spencer Jones",DEN,SF,"Average defender","",,7,7,14,0,210,-2.53,0.33,"13g 2025 + 69g 2026"
"Tristan Vukcevic",WAS,C,"Bad defender","above average offense",YES,3,10,13,-1,1020,-0.28,-1.44,"31g 2025 + 48g 2026"
"Shaedon Sharpe",POR,SG,"Average defender","above average offense",YES,10,3,13,-1,690,-0.25,-0.89,"27g 2025 + 55g 2026"
"Alex Sarr",WAS,C,"Average defender","above average offense",YES,3,10,13,0,680,-0.09,-0.47,"48g 2026"
"Jared McCain",OKC,SG,"Slightly negative defender","",,8,5,13,-1,680,-1.15,-1.09,"79g 2026"
"Keldon Johnson",SAS,SF,"Average defender","above average offense",YES,9,4,13,0,670,0.28,0.26,"82g 2026"
"Jeremiah Fears",NOP,PG,"Bad defender","",,8,5,13,-1,650,-1.43,-1.16,"82g 2026"
"Jerami Grant",MEM,PF,"Average defender","above average offense",YES,9,4,13,-1,640,0.50,-0.67,"20g 2025 + 62g 2026"
"Brandon Ingram",TOR,SF,"Average defender","above average offense",YES,9,4,13,-1,630,0.45,-0.64,"82g 2026"
"Gui Santos",GSW,PF,"Average defender","above average offense",YES,9,4,13,0,600,-0.30,0.06,"14g 2025 + 68g 2026"
"John Collins",DET,PF,"Average defender","above average offense",YES,3,10,13,0,590,-0.03,-0.41,"13g 2025 + 69g 2026"
"Russell Westbrook",SAC,SF,"Average defender","above average offense",YES,10,3,13,-1,530,-0.36,-0.45,"18g 2025 + 64g 2026"
"Marvin Bagley III",DEN,PF,"Average defender","above average offense",YES,3,10,13,-1,520,-0.01,-0.72,"22g 2025 + 60g 2026"
"Naji Marshall",DAL,SF,"Average defender","above average offense",YES,9,4,13,0,510,-0.33,0.04,"8g 2025 + 74g 2026"
"Guerschon Yabusele",2TM,C,"Average defender","",,5,8,13,-1,510,-1.07,-0.86,"16g 2025 + 66g 2026"
"Nikola Jović",MIA,PF,"Average defender","",,5,8,13,1,490,-2.08,0.31,"37g 2025 + 45g 2026"
"Egor Dëmin",BKN,PG,"Average defender","above average offense",YES,10,3,13,-1,460,-0.25,-0.61,"52g 2026"
"Daniel Gafford",DAL,C,"Average defender","above average offense",YES,3,10,13,-1,450,0.22,-0.42,"27g 2025 + 55g 2026"
"Dennis Schröder",CHA,PG,"Average defender","",,8,5,13,-1,440,-1.44,-0.73,"82g 2026"
"Corey Kispert",ATL,SF,"Awful defender","above average offense",YES,7,6,13,-2,430,-0.69,-1.81,"19g 2025 + 63g 2026"
"Caris LeVert",MIL,SG,"Average defender","",,7,6,13,0,410,-2.67,0.21,"9g 2025 + 73g 2026"
"Aaron Nesmith",IND,SF,"Average defender","above average offense",YES,9,4,13,0,400,0.40,-0.06,"37g 2025 + 45g 2026"
"Terrence Shannon Jr.",MIN,SG,"Average defender","",,7,6,13,-1,390,-1.82,-0.85,"32g 2025 + 50g 2026"
"Jaylen Wells",MEM,SG,"Average defender","above average offense",YES,9,4,13,-1,370,0.13,-0.49,"13g 2025 + 69g 2026"
"Taylor Hendricks",MEM,PF,"Average defender","",,6,7,13,0,370,-2.08,-0.47,"3g 2025 + 58g 2026"
"Jett Howard",DAL,SF,"Bad defender","",,7,6,13,-2,350,-1.38,-1.54,"27g 2025 + 55g 2026"
"Al Horford",GSW,C,"Average defender","above average offense",YES,3,10,13,0,340,-0.24,0.49,"37g 2025 + 45g 2026"
"A.J. Green",MIL,SG,"Bad defender","above average offense",YES,10,3,13,-2,320,0.18,-1.46,"4g 2025 + 78g 2026"
"Justin Edwards",PHI,SF,"Slightly negative defender","",,7,6,13,-1,300,-1.19,-1.04,"14g 2025 + 68g 2026"
"Harrison Barnes",SAS,PF,"Average defender","above average offense",YES,4,9,13,-1,290,0.41,-0.66,"82g 2026"
"Landry Shamet",NYK,SG,"Average defender","above average offense",YES,10,3,13,0,290,-0.66,0.09,"12g 2025 + 70g 2026"
"Kasparas Jakučionis",MIL,PG,"Average defender","above average offense",YES,10,3,13,0,260,-0.37,-0.23,"51g 2026"
"Zeke Nnaji",DEN,PF,"Good defender","",,5,8,13,1,170,-3.07,0.81,"32g 2025 + 50g 2026"
"Leonard Miller",CHI,SF,"Average defender","above average offense",YES,8,4,12,-1,820,-0.54,-0.67,"10g 2025 + 42g 2026"
"Tim Hardaway Jr.",MIA,SG,"Awful defender","above average offense",YES,9,3,12,-2,610,0.81,-1.74,"82g 2026"
"Kyle Filipowski",UTA,C,"Bad defender","above average offense",YES,3,9,12,-1,590,0.11,-1.53,"5g 2025 + 77g 2026"
"DeMar DeRozan",SAC,PF,"Awful defender","above average offense",YES,8,4,12,-2,550,1.31,-2.28,"5g 2025 + 77g 2026"
"Tre Johnson",WAS,SG,"Awful defender","",,7,5,12,-2,550,-1.17,-1.66,"60g 2026"
"Brandon Williams",GSW,PG,"Average defender","above average offense",YES,9,3,12,-1,550,-0.32,-0.67,"16g 2025 + 66g 2026"
"Justin Champagnie",WAS,SF,"Average defender","above average offense",YES,8,4,12,-1,490,-0.07,-0.61,"14g 2025 + 68g 2026"
"Derik Queen",NOP,C,"Slightly negative defender","",,5,7,12,-1,480,-1.67,-1.11,"81g 2026"
"Klay Thompson",MIA,SF,"Average defender","above average offense",YES,9,3,12,0,460,-0.60,-0.14,"13g 2025 + 69g 2026"
"Pat Spencer",PHX,PG,"Bad defender","",,7,5,12,-2,430,-1.62,-1.33,"18g 2025 + 64g 2026"
"Maxime Raynaud",SAC,C,"Awful defender","",,4,8,12,-2,420,-0.76,-2.02,"74g 2026"
"Jevon Carter",ORL,PG,"Slightly negative defender","",,8,4,12,-1,400,-1.18,-1.01,"28g 2025 + 54g 2026"
"Khris Middleton",WAS,SF,"Slightly negative defender","",,6,6,12,-1,390,-0.95,-0.96,"19g 2025 + 63g 2026"
"Kobe Brown",IND,PF,"Bad defender","",,5,7,12,-2,390,-1.79,-1.27,"25g 2025 + 57g 2026"
"Ace Bailey",UTA,SF,"Bad defender","",,6,6,12,-1,380,-1.29,-1.40,"72g 2026"
"Nique Clifford",SAC,SG,"Average defender","",,7,5,12,0,300,-2.67,-0.19,"75g 2026"
"Tyrese Martin",PHI,SG,"Average defender","",,7,5,12,-1,300,-1.93,-0.76,"37g 2025 + 45g 2026"
"Kentavious Caldwell-Pope",PHI,SG,"Average defender","",,7,5,12,-1,270,-1.76,-0.10,"31g 2025 + 51g 2026"
"Kyle Anderson",TOR,SF,"Average defender","",,6,6,12,0,270,-2.55,0.30,"31g 2025 + 51g 2026"
"Ben Sheppard",IND,SG,"Slightly negative defender","",,7,5,12,-1,260,-1.96,-0.93,"17g 2025 + 65g 2026"
"Gradey Dick",TOR,SG,"Average defender","",,7,5,12,0,250,-2.14,-0.52,"7g 2025 + 75g 2026"
"Luke Kennard",PHX,SG,"Slightly negative defender","above average offense",YES,9,3,12,-1,240,-0.23,-1.08,"82g 2026"
"Jarred Vanderbilt",LAL,PF,"Average defender","",,6,6,12,0,230,-2.30,-0.20,"10g 2025 + 72g 2026"
"Nicolas Batum",LAC,PF,"Average defender","",,5,7,12,-1,170,-2.20,-0.46,"8g 2025 + 74g 2026"
"Sidy Cissoko",POR,SF,"Average defender","",,7,5,12,0,150,-2.94,0.04,"8g 2025 + 74g 2026"
"Caleb Martin",DAL,SF,"Good defender","",,7,5,12,1,150,-3.79,0.76,"26g 2025 + 56g 2026"
"Gabe Vincent",ATL,PG,"Average defender","",,7,5,12,-1,120,-1.94,-0.66,"23g 2025 + 59g 2026"
"Bobby Portis",MIA,PF,"Bad defender","above average offense",YES,3,8,11,-2,650,0.20,-1.61,"15g 2025 + 67g 2026"
"Malik Monk",SAC,SG,"Bad defender","above average offense",YES,9,2,11,-2,530,0.04,-1.60,"20g 2025 + 62g 2026"
"Sharife Cooper",WAS,PG,"Awful defender","",,7,4,11,-2,480,-1.29,-2.07,"40g 2026"
"Caleb Love",PHI,SG,"Awful defender","",,7,4,11,-2,460,-1.49,-1.95,"47g 2026"
"Buddy Hield",ATL,SG,"Average defender","above average offense",YES,8,3,11,-1,340,-0.69,-0.59,"29g 2025 + 53g 2026"
"Rui Hachimura",LAC,PF,"Average defender","",,3,8,11,-1,320,-0.78,-0.84,"4g 2025 + 78g 2026"
"Isaac Okoro",CHI,SG,"Average defender","above average offense",YES,8,3,11,-1,190,-0.67,-0.55,"19g 2025 + 63g 2026"
"Noah Penda",ORL,SF,"Slightly negative defender","",,6,5,11,-1,150,-2.59,-0.90,"56g 2026"
"Ochai Agbaji",2TM,SG,"Average defender","",,6,5,11,0,140,-2.60,0.05,"21g 2025 + 61g 2026"
"Micah Peavy",NOP,SG,"Average defender","",,6,5,11,0,30,-2.98,-0.21,"57g 2026"
"Brice Sensabaugh",UTA,SF,"Awful defender","above average offense",YES,7,3,10,-2,650,0.23,-2.21,"8g 2025 + 74g 2026"
"De'Andre Hunter",SAC,SF,"Average defender","above average offense",YES,7,3,10,-1,530,-0.29,-0.32,"37g 2025 + 45g 2026"
"Isaiah Collier",UTA,PG,"Awful defender","",,6,4,10,-2,370,-1.86,-2.15,"23g 2025 + 59g 2026"
"Jarace Walker",IND,PF,"Slightly negative defender","",,5,5,10,-1,370,-2.43,-1.13,"6g 2025 + 76g 2026"
"Anthony Gill",WAS,PF,"Bad defender","",,4,6,10,-2,330,-2.31,-1.51,"36g 2025 + 46g 2026"
"Walter Clayton",MEM,PG,"Awful defender","",,6,4,10,-2,310,-1.68,-2.05,"69g 2026"
"Gary Trent Jr.",MIL,SG,"Bad defender","",,6,4,10,-2,220,-1.47,-1.60,"19g 2025 + 63g 2026"
"Bruce Brown",DEN,SG,"Average defender","",,6,4,10,0,190,-3.32,-0.36,"82g 2026"
"Ousmane Dieng",MIL,C,"Slightly negative defender","",,4,5,9,-2,310,-2.50,-1.06,"26g 2025 + 56g 2026"
"Drew Eubanks",SAC,C,"Bad defender","",,3,6,9,-1,210,-2.48,-1.48,"40g 2025 + 42g 2026"
"Jalen Wilson",ATL,PF,"Bad defender","",,4,5,9,-2,190,-2.16,-1.60,"29g 2025 + 53g 2026"
"Cody Williams",MIN,SG,"Awful defender","",,5,4,9,-2,170,-3.16,-1.66,"15g 2025 + 67g 2026"
"Jericho Sims",MIL,C,"Awful defender","",,3,6,9,-2,100,-2.07,-1.94,"17g 2025 + 65g 2026"
"Gary Harris",DET,SG,"Average defender","",,5,4,9,-1,10,-3.18,0.28,"35g 2025 + 47g 2026"
"Cam Thomas",2TM,SG,"Awful defender","above average offense",YES,6,2,8,-3,540,0.94,-2.75,"25g 2025 + 42g 2026"
"Will Riley",WAS,SF,"Awful defender","",,4,4,8,-3,460,-2.09,-2.57,"74g 2026"
"Bub Carrington",WAS,PG,"Awful defender","",,5,3,8,-3,360,-1.86,-2.78,"82g 2026"
"Trendon Watford",NOP,PF,"Bad defender","",,3,5,8,-2,350,-2.50,-1.19,"25g 2025 + 57g 2026"
"Patrick Williams",CHI,PF,"Average defender","",,4,4,8,0,170,-4.05,-0.45,"10g 2025 + 72g 2026"
"Drake Powell",BKN,SG,"Average defender","",,5,3,8,-1,20,-4.12,-0.75,"63g 2026"
"Tyus Jones",DEN,PG,"Awful defender","",,5,3,8,-2,10,-2.21,-1.65,"14g 2025 + 68g 2026"
"Tre Mann",WAS,PG,"Bad defender","",,4,3,7,-2,230,-2.91,-1.56,"13g 2025 + 51g 2026"
"Nolan Traoré",BKN,PG,"Awful defender","",,4,3,7,-2,140,-3.16,-1.81,"55g 2026"
"Nick Richards",MIA,C,"Awful defender","",,2,4,6,-3,330,-2.53,-2.19,"35g 2025 + 47g 2026"
"Ben Saraf",BKN,SG,"Bad defender","",,3,3,6,-1,100,-4.67,-1.45,"44g 2026"
"Rob Dillingham",CHI,PG,"Average defender","",,4,2,6,-1,60,-4.43,-0.73,"18g 2025 + 64g 2026"
"Jordan Hawkins",NOP,SG,"Awful defender","",,4,2,6,-2,20,-3.06,-2.19,"36g 2025 + 46g 2026"
"Rayan Rupert",PHI,SG,"Slightly negative defender","",,3,3,6,-1,10,-4.29,-0.99,"20g 2025 + 62g 2026"
